{"stats":{"minecraft:dropped":{"dixtas_armory:stone_battle_axe":1,"minecraft:nether_brick_stairs":1,"minecraft:soul_sand":1,"cctvcraft:raw_aluminum":37,"deep_dark_regrowth:combusted_soul":6,"minecraft:lapis_lazuli":11,"minecraft:oak_log":128,"minecraft:diamond":10,"minecraft:dark_oak_sapling":64,"minecraft:cookie":231,"minecraft:leather":192,"graveyard:corruption":4,"minecraft:flint":1,"minecraft:item_frame":43,"minecraft:emerald":4,"minecraft:cobblestone_stairs":9,"born_in_chaos_v1:monster_flesh":20,"minecraft:dirt":547,"born_in_chaos_v1:phantom_powder":4,"minecraft:raw_copper_block":3,"minecraft:mutton":2,"biomesoplenty:medium_rose_quartz_bud":3,"minecraft:pumpkin_pie":64,"minecraft:gold_nugget":3,"minecraft:bone_meal":1,"minecraft:phantom_membrane":13,"minecraft:iron_pickaxe":1,"minecraft:bone":8,"minecraft:oak_door":3,"minecraft:gravel":6,"minecraft:chiseled_polished_blackstone":32,"minecraft:stone_axe":2,"biomesoplenty:large_rose_quartz_bud":7,"sophisticatedbackpacks:advanced_magnet_upgrade":2,"minecraft:lever":2,"biomesoplenty:bramble":2,"born_in_chaos_v1:fire_dust":7,"minecraft:cobbled_deepslate":70,"undead_revamp2:arapholia":1,"minecraft:rotten_flesh":3,"minecraft:oak_planks":65,"minecraft:cooked_mutton":7,"minecraft:carrot":9,"sophisticatedbackpacks:diamond_backpack":8,"minecraft:charcoal":3,"born_in_chaos_v1:corpse_maggot":1,"minecraft:glowstone":115,"born_in_chaos_v1:diamond_termite_shard":6,"minecraft:iron_ore":1,"minecraft:glass":70,"deep_dark_regrowth:plasma_chunk":2,"minecraft:enchanting_table":1,"minecraft:egg":1,"minecraft:bread":88,"minecraft:enchanted_book":4,"minecraft:oak_slab":78,"minecraft:cobbled_deepslate_stairs":41,"minecraft:lilac":1,"minecraft:mossy_cobblestone":1,"minecraft:golden_horse_armor":1,"minecraft:diamond_leggings":1,"minecraft:iron_helmet":2,"minecraft:cobblestone":2593,"minecraft:apple":32,"minecraft:granite":1,"minecraft:stick":64,"minecraft:diorite":67,"minecraft:golden_carrot":1,"minecraft:torch":332,"minecraft:sculk_catalyst":2,"born_in_chaos_v1:fused_bone":2,"minecraft:rib_armor_trim_smithing_template":1,"minecraft:iron_leggings":1,"minecraft:oak_stairs":64,"minecraft:wither_rose":8,"minecraft:smooth_stone":512,"born_in_chaos_v1:flaming_evil_pumpkin":1,"minecraft:redstone":1,"minecraft:blaze_rod":4,"minecraft:stone_sword":3,"minecraft:dark_oak_sign":16,"minecraft:raw_copper":1,"mcwdoors:metal_windowed_door":1,"minecraft:diamond_hoe":3,"minecraft:wither_skeleton_skull":2,"minecraft:iron_boots":1,"minecraft:oak_sign":27,"minecraft:blast_furnace":10,"minecraft:potato":125,"minecraft:stone":192,"minecraft:oak_button":1,"minecraft:iron_chestplate":1,"minecraft:diamond_pickaxe":2,"minecraft:andesite":16,"minecraft:oak_sapling":18,"minecraft:golden_sword":1,"minecraft:stone_bricks":35,"minecraft:stone_pickaxe":1,"minecraft:calcite":1,"minecraft:magma_block":6,"minecraft:black_wool":2},"minecraft:killed_by":{"minecraft:pillager":1,"born_in_chaos_v1:diamond_termite":1,"minecraft:player":3,"minecraft:iron_golem":2,"apollyon:the_damned":3},"minecraft:picked_up":{"minecraft:iron_chestplate":3,"minecraft:wheat":47,"minecraft:black_carpet":23,"minecraft:nether_brick_fence":7,"minecraft:smithing_table":18,"minecraft:stone_slab":30,"minecraft:oak_stairs":90,"minecraft:wither_rose":6,"minecraft:enchanted_book":6,"minecraft:raw_copper":2,"biomesoplenty:large_rose_quartz_bud":14,"minecraft:smooth_stone_slab":41,"minecraft:iron_leggings":3,"sophisticatedbackpacks:stack_upgrade_tier_4":2,"minecraft:oak_sign":2,"born_in_chaos_v1:dark_metal_ingot":1,"minecraft:diamond_leggings":3,"minecraft:cobbled_deepslate":222,"minecraft:gold_nugget":30,"minecraft:smooth_stone":451,"minecraft:bucket":17,"minecraft:redstone_torch":1,"minecraft:calcite":1,"minecraft:iron_pickaxe":1,"minecraft:iron_boots":4,"minecraft:stick":1371,"minecraft:composter":1,"minecraft:oak_fence":129,"born_in_chaos_v1:phantom_powder":6,"minecraft:torch":294,"born_in_chaos_v1:flaming_evil_pumpkin":1,"minecraft:porkchop":7,"minecraft:diorite":183,"born_in_chaos_v1:nightmare_claw":2,"minecraft:stone_sword":3,"minecraft:rotten_flesh":8,"minecraft:iron_block":8,"mcwdoors:metal_windowed_door":2,"minecraft:glowstone":3,"minecraft:blaze_rod":9,"minecraft:obsidian":62,"undead_revamp2:arapholia":1,"minecraft:cobblestone":3900,"minecraft:enchanting_table":1,"minecraft:magma_block":6,"minecraft:lilac":3,"minecraft:repeater":1,"born_in_chaos_v1:spiritual_dust":1,"minecraft:water_bucket":35,"minecraft:andesite":147,"minecraft:copper_block":2,"minecraft:smoker":37,"minecraft:potato":127,"minecraft:flint":3,"minecraft:wither_skeleton_skull":2,"minecraft:lapis_lazuli":12,"minecraft:dirt":591,"minecraft:glass":63,"minecraft:bone":151,"minecraft:wheat_seeds":197,"minecraft:fletching_table":2,"minecraft:diamond_helmet":2,"minecraft:glowstone_dust":63,"minecraft:oak_planks":85,"minecraft:chiseled_polished_blackstone":32,"minecraft:cooked_porkchop":18,"minecraft:nether_brick_stairs":4,"sophisticatedbackpacks:iron_backpack":1,"minecraft:mossy_cobblestone":2,"minecraft:dark_oak_log":1,"born_in_chaos_v1:fire_dust":7,"minecraft:diamond":147,"minecraft:deepslate":50,"minecraft:lever":2,"minecraft:granite":19,"minecraft:bone_meal":2,"mcwdoors:garage_black_door":1,"minecraft:emerald":11,"minecraft:bread":176,"minecraft:oak_sapling":21,"minecraft:netherrack":663,"minecraft:diamond_pickaxe":5,"minecraft:charcoal":3,"minecraft:crafting_table":1,"born_in_chaos_v1:diamond_termite_shard":6,"minecraft:nether_wart":15,"deep_dark_regrowth:combusted_soul":12,"minecraft:oak_trapdoor":30,"minecraft:item_frame":478,"minecraft:blackstone":1,"graveyard:corruption":4,"deep_dark_regrowth:sculk_soil":16,"minecraft:sugar_cane":128,"minecraft:chest":49,"minecraft:diamond_hoe":2,"dixtas_armory:stone_battle_axe":1,"minecraft:phantom_membrane":20,"minecraft:raw_copper_block":6,"minecraft:egg":2,"minecraft:dark_oak_sapling":103,"minecraft:raw_iron":2,"minecraft:stone":193,"minecraft:oak_door":3,"dixtas_armory:diamond_battle_axe":4,"minecraft:cookie":445,"minecraft:carrot":84,"minecraft:redstone":3,"minecraft:arrow":82,"minecraft:diamond_chestplate":2,"minecraft:pumpkin_pie":18,"minecraft:nether_bricks":81,"minecraft:diamond_boots":2,"minecraft:totem_of_undying":13,"minecraft:gold_ingot":4,"sophisticatedbackpacks:copper_backpack":1,"minecraft:mutton":7,"minecraft:white_wool":21,"sophisticatedbackpacks:advanced_magnet_upgrade":4,"born_in_chaos_v1:fused_bone":2,"born_in_chaos_v1:corpse_maggot":1,"minecraft:air":0,"minecraft:golden_carrot":65,"born_in_chaos_v1:monster_flesh":21,"minecraft:salmon":42,"minecraft:leather":718,"minecraft:oak_log":105,"minecraft:ancient_debris":1,"dixtas_armory:iron_battle_axe":1,"minecraft:cobbled_deepslate_stairs":41,"minecraft:cobblestone_stairs":16,"minecraft:cooked_mutton":21,"minecraft:red_carpet":451,"minecraft:apple":385,"minecraft:stone_bricks":391,"minecraft:stone_pickaxe":5,"minecraft:iron_ingot":49,"minecraft:iron_ore":1,"minecraft:glass_bottle":1,"minecraft:soul_sand":90,"cctvcraft:raw_aluminum":37,"sophisticatedbackpacks:diamond_backpack":18,"minecraft:sculk_catalyst":2,"minecraft:oak_slab":264,"minecraft:emerald_block":27,"born_in_chaos_v1:ethereal_spirit":19,"minecraft:red_wool":1,"minecraft:quartz":257,"minecraft:gravel":13,"minecraft:blast_furnace":30,"undead_revamp2:rawbostrox":1,"biomesoplenty:bramble":2,"minecraft:stone_axe":4,"minecraft:iron_helmet":4,"minecraft:oak_button":1,"minecraft:coal":87},"minecraft:mined":{"minecraft:oak_sapling":3,"minecraft:cobblestone_stairs":6,"minecraft:granite":54,"minecraft:grass_block":11,"minecraft:oak_wall_sign":1,"minecraft:nether_wart":17,"minecraft:smooth_stone":26,"minecraft:magma_block":11,"minecraft:glowstone":20,"minecraft:iron_ore":4,"minecraft:cobbled_deepslate":2,"minecraft:fire":3,"minecraft:nether_brick_stairs":1,"minecraft:torch":2,"minecraft:nether_quartz_ore":267,"minecraft:cobblestone":13,"minecraft:wall_torch":114,"minecraft:repeater":2,"sophisticatedbackpacks:diamond_backpack":1,"minecraft:wheat":5,"minecraft:lilac":1,"antlers:bloody_pig":11,"minecraft:smooth_stone_slab":1,"minecraft:grass":16,"minecraft:oak_log":3,"minecraft:dirt":8,"minecraft:netherrack":1343,"minecraft:deepslate":126,"minecraft:nether_gold_ore":12,"minecraft:red_carpet":13,"minecraft:mossy_cobblestone":5,"born_in_chaos_v1:infected_diamond_ore":2,"minecraft:lever":2,"minecraft:nether_bricks":25,"minecraft:redstone_wire":4,"biomesoplenty:dead_grass":5,"minecraft:carrots":1,"minecraft:andesite":106,"minecraft:nether_brick_fence":2,"biomesoplenty:barley":50,"minecraft:stone":964,"minecraft:smithing_table":1,"minecraft:glass_pane":1,"minecraft:soul_sand":12,"minecraft:oak_fence":3,"minecraft:crafting_table":1,"minecraft:copper_ore":17,"endofherobrine:glowing_obsidian":1,"biomesoplenty:sprout":3,"minecraft:lapis_ore":2,"minecraft:diorite":125,"antlers:sheep_corpse":1,"minecraft:coal_ore":12,"minecraft:gravel":7,"minecraft:stone_bricks":6,"minecraft:mossy_stone_bricks":1},"minecraft:killed":{"minecraft:cave_spider":1,"minecraft:zombified_piglin":1,"minecraft:skeleton":1,"undead_revamp2:therod":1,"minecraft:pig":2,"born_in_chaos_v1:diamond_termite":2,"born_in_chaos_v1:bone_imp":1,"bwrtherain:spider_skull":1,"minecraft:sheep":3,"minecraft:zombie":2,"born_in_chaos_v1:dread_hound":1,"born_in_chaos_v1:corpse_fly":1,"minecraft:ghast":1,"cave_dweller:cave_dweller":1,"minecraft:blaze":6,"born_in_chaos_v1:decrepit_skeleton":2,"undead_revamp2:thesomnolence":1,"minecraft:wither_skeleton":1},"minecraft:broken":{"minecraft:stone_pickaxe":5},"minecraft:used":{"minecraft:oak_sign":2,"minecraft:diamond_hoe":4,"minecraft:black_carpet":29,"dixtas_armory:diamond_battle_axe":251,"minecraft:rotten_flesh":3,"minecraft:soul_sand":10,"minecraft:carrot":2,"sophisticatedbackpacks:diamond_backpack":1,"minecraft:iron_helmet":1,"minecraft:stone_bricks":136,"minecraft:item_frame":159,"minecraft:repeater":1,"minecraft:red_carpet":117,"minecraft:oak_sapling":6,"minecraft:egg":1,"minecraft:potato":2,"minecraft:diorite":7,"minecraft:stone_pickaxe":609,"minecraft:oak_planks":7,"minecraft:bread":36,"minecraft:lilac":1,"minecraft:andesite":39,"minecraft:smooth_stone_slab":75,"minecraft:oak_fence":17,"minecraft:redstone":2,"minecraft:netherrack":96,"minecraft:torch":109,"minecraft:dirt":7,"minecraft:granite":3,"minecraft:iron_boots":1,"minecraft:totem_of_undying":1,"minecraft:glowstone":206,"minecraft:golden_carrot":20,"minecraft:cobbled_deepslate":22,"minecraft:iron_leggings":1,"minecraft:wheat_seeds":63,"minecraft:cooked_mutton":2,"minecraft:water_bucket":11,"minecraft:cobblestone_stairs":71,"minecraft:fletching_table":2,"deep_dark_regrowth:sculk_soil":1,"minecraft:crafting_table":1,"minecraft:oak_log":1,"minecraft:diamond_pickaxe":2608,"minecraft:oak_button":3,"minecraft:stone_axe":17,"minecraft:enchanted_book":2,"minecraft:cobblestone":29,"minecraft:bucket":11,"minecraft:glass_pane":1,"minecraft:smooth_stone":113},"minecraft:custom":{"minecraft:animals_bred":4,"minecraft:interact_with_crafting_table":29,"minecraft:leave_game":14,"minecraft:time_since_death":261020,"minecraft:damage_resisted":215,"minecraft:sprint_one_cm":698056,"minecraft:drop":245,"minecraft:talked_to_villager":3,"minecraft:play_time":434581,"minecraft:deaths":10,"minecraft:jump":4389,"minecraft:walk_on_water_one_cm":15610,"minecraft:interact_with_furnace":18,"minecraft:sleep_in_bed":2,"minecraft:damage_dealt":7780,"minecraft:interact_with_beacon":4,"minecraft:player_kills":1,"minecraft:crouch_one_cm":49308,"minecraft:interact_with_smoker":1,"minecraft:inspect_dispenser":115,"minecraft:mob_kills":30,"minecraft:damage_dealt_resisted":62,"minecraft:climb_one_cm":8183,"minecraft:walk_one_cm":1328283,"minecraft:damage_dealt_absorbed":80,"minecraft:sneak_time":14887,"minecraft:walk_under_water_one_cm":11257,"minecraft:interact_with_blast_furnace":53,"minecraft:total_world_time":434581,"minecraft:interact_with_stonecutter":2,"minecraft:time_since_rest":113921,"minecraft:damage_taken":5947,"minecraft:swim_one_cm":5431,"minecraft:fly_one_cm":630389,"minecraft:open_chest":470,"minecraft:fall_one_cm":57421},"minecraft:crafted":{"minecraft:smooth_stone":64,"minecraft:oak_planks":40,"minecraft:cobblestone_stairs":64,"minecraft:stone":6,"minecraft:quartz_block":81,"minecraft:iron_boots":1,"minecraft:oak_button":3,"minecraft:stone_bricks":6,"minecraft:item_frame":62,"minecraft:emerald":243,"minecraft:iron_helmet":1,"minecraft:copper_ingot":595,"minecraft:iron_chestplate":1,"minecraft:diamond_pickaxe":1,"minecraft:stick":76,"minecraft:iron_ingot":126,"minecraft:gold_ingot":34,"minecraft:bone_meal":126,"minecraft:stone_pickaxe":6,"minecraft:cobbled_deepslate_stairs":40,"minecraft:red_carpet":3,"minecraft:stone_axe":1,"minecraft:glowstone":17,"minecraft:air":0,"minecraft:iron_leggings":1,"minecraft:torch":100}},"DataVersion":3465}