{"stats":{"minecraft:mined":{"biomesoplenty:glowshroom":1,"minecraft:cobblestone_stairs":1,"minecraft:sculk_vein":7,"deep_dark_regrowth:fluorescent_moss":4,"cctvcraft:aluminum_ore":44,"minecraft:granite":6,"minecraft:budding_amethyst":1,"minecraft:deepslate_tile_wall":1,"minecraft:grass_block":10,"deep_dark_regrowth:sculk_tendril":1,"minecraft:deepslate_bricks":9,"minecraft:deepslate_tile_stairs":3,"deep_dark_regrowth:vilethorn":1,"minecraft:sculk_catalyst":1,"minecraft:iron_ore":6,"minecraft:fire":1,"minecraft:cobbled_deepslate":1,"deep_dark_regrowth:fernus":2,"biomesoplenty:hanging_cobweb":1,"minecraft:sculk_shrieker":2,"minecraft:dirt_path":1,"minecraft:oak_stairs":1,"biomesoplenty:webbing":6,"minecraft:iron_block":2,"minecraft:deepslate_redstone_ore":4,"minecraft:amethyst_cluster":1,"biomesoplenty:hanging_cobweb_strand":1,"minecraft:torch":23,"born_in_chaos_v1:infected_deepslate_diamond_ore":1,"minecraft:calcite":2,"minecraft:poppy":3,"minecraft:nether_quartz_ore":3,"minecraft:cobblestone":14,"minecraft:sugar_cane":1,"minecraft:oak_planks":3,"minecraft:amethyst_block":19,"minecraft:birch_log":34,"graveyard:skull_pile":1,"minecraft:cracked_deepslate_tiles":30,"minecraft:grass":11,"deep_dark_regrowth:large_fernus":2,"minecraft:oak_log":14,"minecraft:sand":50,"minecraft:dirt":9,"minecraft:netherrack":28,"minecraft:oak_leaves":5,"minecraft:deepslate":65,"biomesoplenty:reed":1,"biomesoplenty:glowing_moss_block":1,"minecraft:nether_gold_ore":16,"minecraft:deepslate_tiles":29,"minecraft:tuff":1,"the_knocker:deadcow":1,"deep_dark_regrowth:short_infected_mushroom":1,"minecraft:dark_oak_leaves":265,"minecraft:deepslate_diamond_ore":4,"minecraft:dark_oak_log":14,"biomesoplenty:bush":1,"born_in_chaos_v1:black_argillite":10,"minecraft:redstone_wire":3,"minecraft:moss_block":1,"minecraft:hay_block":4,"cfm:dark_oak_upgraded_fence":2,"deep_dark_regrowth:sculk_moss_4":1,"minecraft:dark_oak_fence_gate":1,"deep_dark_regrowth:sculk_moss_3":1,"minecraft:bell":1,"minecraft:cobblestone_slab":1,"minecraft:deepslate_iron_ore":22,"cfm:white_sofa":2,"biomesoplenty:barley":44,"biomesoplenty:spider_egg":2,"minecraft:stone":36,"minecraft:white_wool":13,"deep_dark_regrowth:pulse_flower":1,"minecraft:glass_pane":1,"minecraft:oak_fence":3,"minecraft:andesite_slab":3,"minecraft:sculk_sensor":8,"minecraft:copper_ore":6,"endofherobrine:glowing_obsidian":1,"born_in_chaos_v1:chipped_black_argillite_brick":1,"minecraft:deepslate_gold_ore":18,"minecraft:cracked_deepslate_bricks":3,"minecraft:sculk":5,"minecraft:diorite":3,"minecraft:gray_wool":1,"minecraft:coarse_dirt":2,"minecraft:birch_leaves":4,"deep_dark_regrowth:apatine_plant":3,"biomesoplenty:stringy_cobweb":5,"minecraft:cobweb":4,"minecraft:cracked_stone_bricks":1,"deep_dark_regrowth:soul_crystal":1,"minecraft:stone_bricks":10,"minecraft:mossy_stone_bricks":1,"minecraft:gold_ore":4,"minecraft:iron_trapdoor":1,"undead_revamp2:arapholia":1},"minecraft:picked_up":{"minecraft:wheat":96,"minecraft:iron_trapdoor":1,"minecraft:suspicious_stew":2,"minecraft:diamond_sword":1,"minecraft:oak_stairs":2,"minecraft:wither_rose":4,"minecraft:potion":2,"minecraft:stone_brick_stairs":1,"cctvcraft:hand_saw":5,"minecraft:amethyst_block":34,"born_in_chaos_v1:black_argillite":17,"minecraft:string":10,"minecraft:music_disc_cat":1,"minecraft:raw_copper":20,"minecraft:smooth_stone_slab":6,"minecraft:experience_bottle":4,"minecraft:diamond_leggings":12,"minecraft:deepslate_tiles":28,"minecraft:gold_nugget":76,"minecraft:cobbled_deepslate":88,"minecraft:bucket":1,"minecraft:dark_oak_leaves":222,"minecraft:red_dye":2,"minecraft:cobblestone_slab":2,"minecraft:calcite":2,"minecraft:deepslate_tile_wall":1,"born_in_chaos_v1:stimulating_decoction":4,"cctvcraft:wooden_board":2,"minecraft:stick":171,"minecraft:oak_fence":3,"minecraft:torch":155,"minecraft:acacia_log":1,"minecraft:porkchop":28,"minecraft:diorite":14,"minecraft:deepslate_tile_stairs":3,"minecraft:stone_sword":2,"minecraft:rotten_flesh":37,"minecraft:iron_block":2,"minecraft:glowstone":1,"undead_revamp2:arapholia":1,"minecraft:cobblestone":336,"minecraft:birch_log":38,"minecraft:water_bucket":1,"minecraft:andesite":2,"deep_dark_regrowth:mossy_fluorite":138,"deep_dark_regrowth:apatine_seeds":1,"minecraft:map":15,"minecraft:dirt":29,"minecraft:disc_fragment_5":3,"minecraft:bone":92,"undead_revamp2:blacpetalblock":4,"minecraft:wheat_seeds":23,"minecraft:raw_gold":20,"minecraft:bell":23,"minecraft:mossy_stone_bricks":4,"minecraft:diamond_helmet":9,"minecraft:moss_block":1,"minecraft:oak_planks":41,"minecraft:mossy_stone_brick_stairs":1,"minecraft:cooked_porkchop":56,"minecraft:music_disc_13":3,"minecraft:sand":204,"sophisticatedbackpacks:iron_backpack":6,"sophisticatedbackpacks:jukebox_upgrade":2,"minecraft:fermented_spider_eye":2,"minecraft:dark_oak_log":29,"minecraft:white_candle":4,"dixtas_armory:pole":3,"minecraft:deepslate":3,"minecraft:diamond":12,"minecraft:granite":7,"minecraft:bone_meal":26,"minecraft:bread":8,"minecraft:emerald":626,"born_in_chaos_v1:rotten_fish":2,"minecraft:netherrack":62,"minecraft:andesite_slab":6,"minecraft:coarse_dirt":4,"minecraft:diamond_pickaxe":7,"sophisticatedbackpacks:gold_backpack":2,"minecraft:crafting_table":1,"minecraft:wooden_pickaxe":2,"minecraft:gold_block":1,"minecraft:iron_axe":4,"born_in_chaos_v1:intoxicating_decoction":5,"mcwdoors:oak_japanese_door":1,"minecraft:compass":3,"minecraft:candle":1,"minecraft:beef":23,"minecraft:poppy":3,"minecraft:sugar_cane":2,"minecraft:chest":1,"minecraft:birch_sapling":4,"dixtas_armory:stone_battle_axe":7,"minecraft:diamond_hoe":1,"minecraft:egg":11,"deep_dark_regrowth:soul_of_the_depths":1,"cfm:white_sofa":4,"minecraft:dark_oak_sapling":6,"minecraft:raw_iron":25,"minecraft:cookie":1305,"dixtas_armory:diamond_battle_axe":3,"born_in_chaos_v1:pieceofdarkmetal":3,"cctvcraft:metal_plate":100,"minecraft:redstone":21,"minecraft:dark_oak_planks":26,"minecraft:diamond_chestplate":9,"minecraft:stone_shovel":4,"born_in_chaos_v1:wood_splitter_axe":4,"minecraft:diamond_boots":9,"minecraft:shears":1,"minecraft:deepslate_bricks":10,"minecraft:hay_block":4,"minecraft:cracked_deepslate_bricks":3,"minecraft:totem_of_undying":20,"sophisticatedbackpacks:copper_backpack":4,"minecraft:mutton":12,"minecraft:white_wool":30,"cfm:dark_oak_upgraded_fence":2,"minecraft:cracked_deepslate_tiles":29,"born_in_chaos_v1:corpse_maggot":3,"born_in_chaos_v1:monster_flesh":3,"minecraft:leather":21,"minecraft:birch_planks":19,"sophisticatedbackpacks:compacting_upgrade":3,"minecraft:oak_log":20,"minecraft:gunpowder":12,"minecraft:white_banner":1,"minecraft:apple":1,"minecraft:stone_bricks":73,"deep_dark_regrowth:pulse_flower_petal":16,"minecraft:iron_ingot":2,"minecraft:stone_pickaxe":9,"born_in_chaos_v1:chipped_black_argillite_brick":3,"cctvcraft:raw_aluminum":145,"cctvcraft:metal_wire":16,"minecraft:book":13,"minecraft:sculk_catalyst":23,"deep_dark_regrowth:apatine":20,"minecraft:quartz":6,"minecraft:gravel":4,"born_in_chaos_v1:dark_rod":4,"minecraft:amethyst_shard":8,"minecraft:dark_oak_fence_gate":1,"cctvcraft:aluminum_ingot":3,"minecraft:spider_eye":6,"undead_revamp2:bostroxset_helmet":1,"minecraft:diamond_shovel":7,"minecraft:stone_axe":3,"undead_revamp2:luckysack":2,"minecraft:diamond_axe":7,"minecraft:painting":3,"minecraft:gray_wool":1,"minecraft:coal":9},"minecraft:used":{"minecraft:moss_block":1,"minecraft:poppy":1,"dixtas_armory:diamond_battle_axe":251,"minecraft:bell":1,"minecraft:cracked_deepslate_tiles":17,"cfm:dark_oak_upgraded_fence":26,"minecraft:lava_bucket":1,"minecraft:stone_bricks":4,"mcwdoors:oak_japanese_door":2,"minecraft:egg":7,"minecraft:diorite":9,"minecraft:diamond_boots":2,"minecraft:stone_pickaxe":62,"minecraft:oak_planks":3,"minecraft:wooden_pickaxe":3,"minecraft:diamond_axe":108,"minecraft:cookie":155,"minecraft:shears":233,"cfm:oak_chair":4,"minecraft:deepslate_tiles":27,"minecraft:bread":11,"minecraft:deepslate":3,"minecraft:andesite":1,"minecraft:oak_fence":3,"minecraft:sculk":6,"minecraft:torch":77,"minecraft:dirt":5,"minecraft:diamond_helmet":3,"cfm:oak_table":4,"minecraft:dark_oak_planks":1,"minecraft:oak_stairs":2,"minecraft:totem_of_undying":15,"minecraft:diamond_chestplate":2,"minecraft:cobbled_deepslate":31,"minecraft:water_bucket":1,"dixtas_armory:stone_battle_axe":27,"cfm:dark_oak_blinds":2,"born_in_chaos_v1:stimulating_decoction":1,"minecraft:crafting_table":3,"minecraft:dark_oak_fence_gate":2,"minecraft:painting":2,"minecraft:oak_log":1,"minecraft:diamond_pickaxe":432,"minecraft:diamond_shovel":64,"cfm:white_sofa":4,"minecraft:suspicious_stew":1,"minecraft:cobblestone":4,"minecraft:cooked_porkchop":36,"minecraft:bucket":2,"born_in_chaos_v1:wood_splitter_axe":37,"minecraft:sculk_catalyst":1,"minecraft:diamond_leggings":3},"minecraft:killed":{"minecraft:cave_spider":1,"minecraft:spider":2,"minecraft:skeleton":1,"minecraft:pig":14,"born_in_chaos_v1:bone_imp":2,"bwrtherain:spider_skull":7,"minecraft:sheep":1,"minecraft:zombie":4,"born_in_chaos_v1:corpse_fly":1,"undead_revamp2:thegliter":1,"born_in_chaos_v1:zombie_bruiser":1,"born_in_chaos_v1:maggot":1,"born_in_chaos_v1:corpse_fish":2,"undead_revamp2:thesomnolence":2},"minecraft:broken":{"minecraft:diamond_helmet":1,"minecraft:shears":1},"minecraft:killed_by":{"undead_revamp2:theskeeper":1,"born_in_chaos_v1:nightmare_stalker":3,"born_in_chaos_v1:baby_skeleton":1,"man:managgresive":2,"minecraft:zombie":1,"undead_revamp2:theheavy":1,"minecraft:player":9,"undead_revamp2:thespitter":2,"apollyon:the_damned":1,"minecraft:warden":5,"minecraft:skeleton":3,"cave_dweller:cave_dweller":2},"minecraft:dropped":{"dixtas_armory:stone_battle_axe":2,"minecraft:candle":2,"minecraft:oak_log":1,"minecraft:glass_bottle":1,"undead_revamp2:luckysack":1,"born_in_chaos_v1:pieceofdarkmetal":1,"minecraft:deepslate_tile_stairs":3,"minecraft:dirt":6,"minecraft:dark_oak_planks":2,"minecraft:fermented_spider_eye":2,"minecraft:birch_log":2,"minecraft:white_wool":4,"minecraft:bone":2,"minecraft:cobbled_deepslate":1,"minecraft:wheat":1,"minecraft:rotten_flesh":3,"minecraft:oak_planks":31,"cctvcraft:metal_plate":1,"minecraft:gunpowder":2,"born_in_chaos_v1:corpse_maggot":2,"undead_revamp2:bostroxset_helmet":1,"minecraft:iron_ingot":1,"born_in_chaos_v1:intoxicating_decoction":1,"minecraft:wheat_seeds":1,"minecraft:cobblestone":106,"minecraft:acacia_log":1,"minecraft:stick":3,"born_in_chaos_v1:black_argillite":1,"minecraft:diorite":1,"minecraft:iron_trapdoor":1,"minecraft:diamond_helmet":1,"minecraft:iron_axe":1,"minecraft:string":1,"minecraft:stone_sword":1,"minecraft:bowl":1,"minecraft:deepslate_bricks":10,"minecraft:diamond_chestplate":1,"minecraft:diamond_boots":1,"minecraft:stone_pickaxe":1,"minecraft:raw_gold":1,"minecraft:cracked_deepslate_bricks":3},"minecraft:custom":{"minecraft:interact_with_crafting_table":65,"minecraft:bell_ring":11,"minecraft:leave_game":6,"minecraft:time_since_death":13114,"minecraft:damage_resisted":45,"minecraft:sprint_one_cm":1314929,"minecraft:drop":53,"minecraft:talked_to_villager":13,"minecraft:play_time":327356,"minecraft:deaths":36,"minecraft:jump":10244,"minecraft:walk_on_water_one_cm":46320,"minecraft:interact_with_furnace":51,"minecraft:traded_with_villager":6,"minecraft:sleep_in_bed":6,"minecraft:damage_dealt":8342,"minecraft:player_kills":1,"minecraft:crouch_one_cm":28208,"minecraft:interact_with_smoker":9,"minecraft:horse_one_cm":1695,"minecraft:interact_with_smithing_table":1,"minecraft:mob_kills":41,"minecraft:interact_with_anvil":1,"minecraft:damage_dealt_resisted":39,"minecraft:climb_one_cm":22517,"minecraft:walk_one_cm":592465,"minecraft:sneak_time":8226,"minecraft:walk_under_water_one_cm":21118,"minecraft:total_world_time":327356,"minecraft:tune_noteblock":1,"minecraft:interact_with_grindstone":1,"minecraft:time_since_rest":13148,"minecraft:damage_taken":116557,"minecraft:damage_absorbed":561,"minecraft:swim_one_cm":64525,"minecraft:fly_one_cm":1861520,"minecraft:open_chest":133,"minecraft:fall_one_cm":328712},"minecraft:crafted":{"minecraft:oak_planks":24,"cfm:dark_oak_upgraded_fence":24,"cctvcraft:metal_wire":4,"dixtas_armory:diamond_battle_axe":1,"cctvcraft:wooden_board":4,"sophisticatedbackpacks:copper_backpack":1,"cfm:white_sofa":2,"minecraft:chest":1,"minecraft:white_banner":1,"sophisticatedbackpacks:backpack":2,"minecraft:emerald":6,"minecraft:cooked_porkchop":36,"minecraft:crafting_table":3,"minecraft:wooden_pickaxe":1,"cctvcraft:antenna":1,"minecraft:copper_ingot":12,"minecraft:birch_planks":136,"minecraft:painting":1,"minecraft:stick":248,"minecraft:iron_ingot":26,"minecraft:gold_ingot":28,"minecraft:dark_oak_fence_gate":1,"mcwdoors:oak_japanese_door":3,"minecraft:bone_meal":24,"cctvcraft:aluminum_ingot":24,"cctvcraft:metal_plate":36,"minecraft:stone_pickaxe":3,"cfm:oak_table":4,"minecraft:dark_oak_planks":24,"sophisticatedbackpacks:iron_backpack":1,"minecraft:wheat":36,"minecraft:red_dye":2,"sophisticatedbackpacks:gold_backpack":1,"minecraft:stone_axe":2,"minecraft:bread":14,"minecraft:air":0,"dixtas_armory:stone_battle_axe":3,"cfm:dark_oak_blinds":2,"cctvcraft:hand_saw":1,"cfm:oak_chair":4}},"DataVersion":3465}