{"stats":{"minecraft:dropped":{"sophisticatedbackpacks:iron_backpack":4,"minecraft:lapis_lazuli":96,"deep_dark_regrowth:combusted_soul":19,"minecraft:glow_ink_sac":112,"minecraft:glass_bottle":8,"minecraft:diamond":233,"minecraft:crafting_table":11,"minecraft:cooked_porkchop":18,"minecraft:crossbow":20,"sophisticatedbackpacks:auto_smelting_upgrade":1,"minecraft:cookie":2335,"minecraft:fletching_table":13,"minecraft:saddle":17,"born_in_chaos_v1:pieceofdarkmetal":25,"born_in_chaos_v1:nightmare_claw":1,"graveyard:corruption":5,"minecraft:leather_helmet":4,"minecraft:item_frame":297,"minecraft:red_carpet":2122,"minecraft:emerald":1774,"minecraft:gold_block":3,"born_in_chaos_v1:monster_flesh":34,"minecraft:dirt":894,"minecraft:grass":6,"born_in_chaos_v1:nightmare_stalker_skull":1,"biomesoplenty:rose_quartz_block":76,"born_in_chaos_v1:phantom_powder":4,"minecraft:raw_copper_block":3,"minecraft:dark_oak_trapdoor":4,"minecraft:cracked_deepslate_tiles":1,"minecraft:snout_armor_trim_smithing_template":1,"minecraft:chain":3,"sophisticatedbackpacks:advanced_pickup_upgrade":2,"biomesoplenty:medium_rose_quartz_bud":6,"minecraft:gold_nugget":72,"born_in_chaos_v1:trident_hayfork":2,"minecraft:bone_meal":102,"minecraft:bone_block":14,"minecraft:phantom_membrane":7,"minecraft:sand":92,"minecraft:sugar":4,"minecraft:iron_pickaxe":2,"born_in_chaos_v1:death_totem":7,"undead_revamp2:blacpetalblock":1,"minecraft:dark_oak_planks":65,"minecraft:white_wool":25,"minecraft:bone":170,"minecraft:oak_door":8,"minecraft:stone_axe":13,"minecraft:emerald_block":895,"minecraft:sugar_cane":127,"sophisticatedbackpacks:advanced_magnet_upgrade":3,"minecraft:ancient_debris":2,"minecraft:polished_andesite_slab":4,"minecraft:iron_nugget":18,"minecraft:cobbled_deepslate":1277,"minecraft:black_carpet":831,"minecraft:wheat":79,"minecraft:obsidian":627,"undead_revamp2:arapholia":1,"minecraft:rotten_flesh":359,"born_in_chaos_v1:smoked_flesh":6,"minecraft:oak_planks":7180,"minecraft:glowstone_dust":18,"minecraft:wither_spawn_egg":64,"minecraft:nether_brick_fence":6,"minecraft:white_bed":1,"minecraft:salmon":84,"deep_dark_regrowth:sculk_remnants":40,"minecraft:echo_shard":10,"minecraft:chiseled_deepslate":2,"born_in_chaos_v1:charmof_stealth":2,"minecraft:heavy_weighted_pressure_plate":64,"born_in_chaos_v1:fangofthe_hound_leader":4,"minecraft:charcoal":448,"minecraft:jungle_log":3,"minecraft:hopper":52,"minecraft:leather_boots":3,"minecraft:ladder":123,"minecraft:leather_leggings":2,"minecraft:painting":2,"minecraft:white_dye":154,"minecraft:glass":138,"deep_dark_regrowth:plasma_chunk":11,"deep_dark_regrowth:mossy_fluorite":212,"cctvcraft:antenna":1,"biomesoplenty:tall_lavender":1,"minecraft:lectern":84,"minecraft:egg":7,"minecraft:enchanted_book":44,"minecraft:iron_ingot":430,"born_in_chaos_v1:intoxicating_decoction":2,"born_in_chaos_v1:shattered_skull":20,"minecraft:wheat_seeds":284,"graveyard:deepslate_gravestone":1,"minecraft:cobbled_deepslate_stairs":1,"minecraft:copper_block":6,"minecraft:tnt":1,"minecraft:oak_fence":296,"minecraft:iron_helmet":17,"minecraft:feather":8,"minecraft:cobblestone":8205,"minecraft:book":26,"mcwdoors:garage_black_door":1,"minecraft:apple":442,"minecraft:granite":1034,"minecraft:spruce_button":6,"arphex:necrotic_fang":1,"minecraft:disc_fragment_5":3,"minecraft:yellow_carpet":3,"minecraft:coal":1296,"minecraft:golden_apple":256,"minecraft:coal_block":220,"deep_dark_regrowth:pulse_flower_petal":28,"minecraft:lava_bucket":15,"minecraft:cobweb":17,"minecraft:dark_oak_leaves":14,"born_in_chaos_v1:gnawed_bones":6,"minecraft:gray_wool":1,"born_in_chaos_v1:black_argillite":3,"minecraft:golden_carrot":1011,"minecraft:sponge":112,"minecraft:diamond_helmet":9,"minecraft:potion":1,"minecraft:oak_stairs":279,"minecraft:white_banner":40,"minecraft:smooth_stone":4492,"minecraft:chainmail_leggings":4,"minecraft:string":61,"deep_dark_regrowth:apatine_seeds":13,"minecraft:gray_carpet":14,"minecraft:spruce_sapling":2,"deep_dark_regrowth:apatine":34,"minecraft:furnace":397,"minecraft:player_head":5,"minecraft:stone_sword":10,"minecraft:dark_oak_sign":44,"minecraft:smooth_stone_slab":894,"deep_dark_regrowth:unbreakability_seal":3,"minecraft:deepslate":183,"minecraft:bowl":4,"minecraft:diamond_hoe":2,"minecraft:stone_shovel":1,"born_in_chaos_v1:rotten_fish":2,"minecraft:white_carpet":37,"minecraft:iron_boots":2,"sophisticatedbackpacks:backpack":3,"minecraft:stone_slab":32,"minecraft:nether_bricks":227,"minecraft:oak_sign":30,"minecraft:shears":4,"minecraft:pumpkin_seeds":12,"minecraft:suspicious_stew":11,"minecraft:blast_furnace":72,"minecraft:potato":327,"minecraft:hay_block":53,"minecraft:stone":1986,"undead_revamp2:heavytooth":1,"minecraft:allium":2,"minecraft:diamond_pickaxe":7,"minecraft:yellow_bed":34,"biomesoplenty:rose_quartz_cluster":4,"minecraft:redstone_torch":4,"minecraft:stone_bricks":1216,"minecraft:spider_eye":21,"minecraft:bow":4,"sophisticatedbackpacks:copper_backpack":2,"minecraft:magma_block":4,"deep_dark_regrowth:soul_burner":1,"minecraft:black_wool":3,"dixtas_armory:stone_battle_axe":4,"minecraft:soul_sand":59,"minecraft:moss_block":4,"minecraft:birch_planks":5,"cctvcraft:raw_aluminum":6,"minecraft:diamond_axe":4,"minecraft:oak_log":5924,"minecraft:ender_pearl":3,"minecraft:dark_oak_sapling":102,"minecraft:leather":722,"biomesoplenty:rose_quartz_chunk":26,"minecraft:red_wool":13,"born_in_chaos_v1:pileof_dark_metal":1,"minecraft:flint":79,"minecraft:music_disc_13":2,"minecraft:cobblestone_stairs":9,"minecraft:deepslate_tile_stairs":1,"minecraft:cracked_polished_blackstone_bricks":23,"minecraft:deepslate_gold_ore":4,"minecraft:dark_oak_log":802,"minecraft:dispenser":38,"born_in_chaos_v1:monster_skin":17,"minecraft:mutton":5,"minecraft:crimson_roots":6,"biomesoplenty:spider_egg":2,"minecraft:pumpkin_pie":340,"minecraft:amethyst_shard":4,"minecraft:wet_sponge":143,"born_in_chaos_v1:black_argillite_brick":2,"minecraft:polished_blackstone_bricks":84,"sophisticatedbackpacks:stack_upgrade_tier_4":2,"minecraft:glistering_melon_slice":72,"mcwdoors:oak_barn_door":2,"minecraft:gold_ingot":40,"minecraft:gravel":329,"minecraft:chiseled_polished_blackstone":50,"biomesoplenty:large_rose_quartz_bud":21,"minecraft:blackstone":95,"deep_dark_regrowth:soul_of_the_depths":8,"biomesoplenty:bramble":2,"born_in_chaos_v1:fire_dust":7,"minecraft:yellow_wool":2,"minecraft:andesite_slab":5,"born_in_chaos_v1:ethereal_spirit":25,"minecraft:beetroot":18,"minecraft:white_candle":9,"minecraft:diamond_shovel":5,"minecraft:cooked_mutton":25,"minecraft:carrot":209,"sophisticatedbackpacks:diamond_backpack":11,"cctvcraft:metal_plate":1,"mcwdoors:warped_japanese2_door":3,"minecraft:poppy":60,"minecraft:oak_fence_gate":50,"deep_dark_regrowth:sculk_soil":17,"born_in_chaos_v1:seedof_chaos":1,"minecraft:mangrove_log":5,"minecraft:gunpowder":102,"minecraft:oak_wood":170,"minecraft:skeleton_skull":13,"born_in_chaos_v1:corpse_maggot":57,"minecraft:glowstone":116,"undead_revamp2:bostroxset_helmet":2,"born_in_chaos_v1:dark_metal_ingot":1,"born_in_chaos_v1:diamond_termite_shard":12,"minecraft:chest":58,"minecraft:chainmail_boots":12,"minecraft:iron_ore":3,"minecraft:arrow":389,"minecraft:quartz":40,"undead_revamp2:rawbostrox":3,"minecraft:oak_leaves":128,"dixtas_armory:iron_battle_axe":3,"minecraft:netherrack":1430,"born_in_chaos_v1:dark_rod":6,"minecraft:water_bucket":53,"minecraft:bread":1525,"deep_dark_regrowth:large_infected_mushroom":3,"born_in_chaos_v1:wood_splitter_axe":4,"minecraft:oak_slab":637,"undead_revamp2:beespheromones":2,"minecraft:cherry_log":1,"minecraft:lilac":14,"minecraft:mossy_cobblestone":8,"minecraft:smithing_table":59,"sophisticatedbackpacks:auto_smoking_upgrade":2,"minecraft:bookshelf":22,"minecraft:diamond_leggings":9,"minecraft:poisonous_potato":4,"minecraft:lead":6,"born_in_chaos_v1:orbofthe_summoner":1,"minecraft:amethyst_block":17,"born_in_chaos_v1:black_argillite_brick_slab":2,"minecraft:copper_ingot":56,"minecraft:chiseled_bookshelf":451,"born_in_chaos_v1:charmof_power":2,"minecraft:acacia_log":1,"minecraft:grass_block":5,"minecraft:stick":1084,"minecraft:iron_block":20,"cctvcraft:aluminum_ingot":588,"cctvcraft:wooden_board":4,"minecraft:diorite":1301,"minecraft:sculk_catalyst":14,"minecraft:torch":1097,"minecraft:repeater":48,"minecraft:brown_wool":2,"born_in_chaos_v1:stimulating_decoction":4,"minecraft:iron_leggings":1,"born_in_chaos_v1:lifestealer_bone":5,"minecraft:wither_rose":45,"minecraft:iron_axe":15,"sophisticatedbackpacks:jukebox_upgrade":2,"minecraft:bucket":32,"minecraft:polished_deepslate":2,"minecraft:dandelion":1,"minecraft:redstone":89,"born_in_chaos_v1:smoldering_scorched_log":10,"born_in_chaos_v1:black_argillite_brick_stairs":3,"minecraft:oak_trapdoor":42,"mcwdoors:metal_reinforced_door":4,"minecraft:blaze_rod":5,"dixtas_armory:pole":1,"minecraft:raw_copper":609,"minecraft:mangrove_button":2,"mcwdoors:metal_windowed_door":1,"minecraft:composter":2,"minecraft:raw_iron":72,"born_in_chaos_v1:black_argillite_button":2,"mcwdoors:oak_western_door":65,"minecraft:light_gray_wool":1,"minecraft:smoker":78,"minecraft:stripped_oak_log":4,"born_in_chaos_v1:spiritual_dust":1,"deep_dark_regrowth:soul_key":2,"minecraft:totem_of_undying":99,"minecraft:glass_pane":166,"dixtas_armory:diamond_battle_axe":12,"minecraft:copper_ore":2,"minecraft:deepslate_bricks":4,"minecraft:shield":15,"minecraft:oak_button":62,"minecraft:diamond_chestplate":11,"sophisticatedbackpacks:advanced_feeding_upgrade":1,"minecraft:iron_chestplate":3,"minecraft:andesite":1724,"born_in_chaos_v1:spiny_shell":6,"minecraft:mossy_stone_bricks":2,"minecraft:oak_boat":2,"minecraft:oak_sapling":43,"minecraft:golden_sword":1,"minecraft:diamond_boots":14,"minecraft:slime_ball":12,"minecraft:stone_pickaxe":10,"minecraft:wooden_pickaxe":4,"minecraft:raw_gold":26,"sophisticatedbackpacks:compacting_upgrade":2,"minecraft:cracked_deepslate_bricks":2,"minecraft:calcite":1},"minecraft:killed_by":{"born_in_chaos_v1:nightmare_stalker":1,"minecraft:warden":7,"minecraft:creeper":1,"bwrtherain:vapor":1,"man:managgresive":12,"born_in_chaos_v1:diamond_termite":1,"minecraft:player":25,"apollyon:the_damned":1,"minecraft:skeleton":3},"minecraft:picked_up":{"born_in_chaos_v1:charmof_stealth":1,"minecraft:iron_chestplate":1,"minecraft:chainmail_boots":13,"minecraft:anvil":15,"minecraft:lead":12,"minecraft:smithing_table":20,"minecraft:stone_slab":19,"minecraft:oak_stairs":95,"minecraft:wither_rose":35,"minecraft:enchanted_book":27,"deep_dark_regrowth:soul_burner":1,"minecraft:golden_sword":1,"minecraft:polished_deepslate":2,"minecraft:string":42,"minecraft:dark_oak_trapdoor":2,"biomesoplenty:large_rose_quartz_bud":21,"biomesoplenty:tall_lavender":1,"minecraft:diamond_leggings":2,"minecraft:gold_nugget":70,"minecraft:cobbled_deepslate":347,"born_in_chaos_v1:charmof_power":1,"minecraft:enchanted_golden_apple":1,"minecraft:mangrove_log":4,"minecraft:golden_helmet":1,"cctvcraft:wooden_board":2,"minecraft:composter":1,"graveyard:deepslate_gravestone":1,"born_in_chaos_v1:pileof_dark_metal":1,"minecraft:deepslate_tile_stairs":4,"minecraft:cauldron":4,"minecraft:stone_sword":21,"biomesoplenty:rose_quartz_chunk":26,"minecraft:iron_block":3,"mcwdoors:metal_windowed_door":8,"minecraft:glowstone":83,"minecraft:bookshelf":23,"minecraft:blaze_rod":5,"minecraft:sponge":41,"minecraft:birch_log":6,"minecraft:magma_block":10,"minecraft:feather":20,"minecraft:cooked_beef":2,"minecraft:water_bucket":6,"minecraft:iron_door":4,"minecraft:jungle_log":2,"minecraft:brown_wool":2,"minecraft:copper_block":4,"minecraft:smoker":3,"biomesoplenty:medium_rose_quartz_bud":6,"minecraft:flint":13,"born_in_chaos_v1:black_argillite_button":4,"minecraft:disc_fragment_5":3,"biomesoplenty:bush":4,"minecraft:chipped_anvil":1,"undead_revamp2:blacpetalblock":1,"minecraft:stonecutter":1,"mcwdoors:oak_western_door":2,"minecraft:dark_oak_sign":16,"minecraft:diamond_helmet":2,"minecraft:glowstone_dust":18,"minecraft:moss_block":2,"minecraft:chiseled_polished_blackstone":17,"deep_dark_regrowth:sculk_remnants":43,"sophisticatedbackpacks:iron_backpack":5,"minecraft:dark_oak_log":489,"undead_revamp2:heavytooth":1,"graveyard:oak_coffin":1,"minecraft:white_candle":9,"minecraft:dispenser":2,"minecraft:snout_armor_trim_smithing_template":1,"minecraft:deepslate":11,"minecraft:lever":8,"minecraft:granite":1024,"minecraft:spruce_button":12,"minecraft:bread":287,"born_in_chaos_v1:rotten_fish":2,"minecraft:mangrove_button":3,"minecraft:diamond_pickaxe":7,"sophisticatedbackpacks:gold_backpack":1,"minecraft:crafting_table":8,"born_in_chaos_v1:seedof_chaos":2,"minecraft:leather_leggings":3,"born_in_chaos_v1:intoxicating_decoction":2,"minecraft:white_carpet":6,"minecraft:beef":2,"born_in_chaos_v1:gnawed_bones":5,"minecraft:jungle_sapling":1,"minecraft:poppy":24,"minecraft:chest":64,"dixtas_armory:stone_battle_axe":15,"minecraft:diamond_hoe":2,"minecraft:egg":3,"minecraft:stone":684,"minecraft:oak_door":9,"sophisticatedbackpacks:backpack":2,"cctvcraft:metal_plate":1,"born_in_chaos_v1:pieceofdarkmetal":7,"minecraft:carrot":195,"minecraft:redstone":124,"minecraft:tnt":1,"minecraft:diamond_chestplate":3,"minecraft:stone_shovel":1,"born_in_chaos_v1:wood_splitter_axe":1,"minecraft:diamond_boots":2,"minecraft:deepslate_bricks":16,"minecraft:shears":1,"minecraft:hay_block":78,"minecraft:cracked_deepslate_bricks":1,"born_in_chaos_v1:spiny_shell":9,"minecraft:gold_ingot":8,"minecraft:totem_of_undying":12,"sophisticatedbackpacks:copper_backpack":2,"minecraft:mutton":18,"minecraft:white_wool":8,"deep_dark_regrowth:sculk_bone":3,"minecraft:stripped_oak_log":5,"born_in_chaos_v1:monster_flesh":31,"minecraft:chiseled_bookshelf":61,"sophisticatedbackpacks:compacting_upgrade":2,"minecraft:oak_log":554,"minecraft:ancient_debris":1,"dixtas_armory:iron_battle_axe":1,"minecraft:white_banner":35,"minecraft:apple":4,"minecraft:stone_bricks":105,"born_in_chaos_v1:smoked_flesh":6,"minecraft:stone_pickaxe":33,"minecraft:iron_ore":1,"minecraft:glass_bottle":2,"cctvcraft:raw_aluminum":246,"deep_dark_regrowth:plasma_chunk":10,"mcwdoors:metal_reinforced_door":3,"born_in_chaos_v1:orbofthe_summoner":1,"minecraft:red_wool":1,"born_in_chaos_v1:ethereal_spirit":6,"minecraft:gravel":255,"biomesoplenty:spider_egg":1,"minecraft:spruce_sapling":3,"born_in_chaos_v1:fangofthe_hound_leader":2,"minecraft:leather_helmet":2,"undead_revamp2:bostroxset_helmet":1,"minecraft:oak_wood":2,"minecraft:diamond_shovel":3,"born_in_chaos_v1:black_argillite_brick_slab":3,"minecraft:slime_ball":19,"minecraft:stone_axe":28,"undead_revamp2:beespheromones":1,"minecraft:painting":28,"minecraft:diamond_axe":5,"minecraft:oak_button":7,"minecraft:hopper":2,"minecraft:ender_pearl":7,"minecraft:wheat":41,"minecraft:black_carpet":164,"minecraft:nether_brick_fence":6,"minecraft:yellow_wool":1,"minecraft:potion":2,"biomesoplenty:rose_quartz_cluster":4,"minecraft:raw_copper":136,"arphex:necrotic_fang":1,"minecraft:smooth_stone_slab":258,"minecraft:iron_leggings":2,"minecraft:experience_bottle":4,"minecraft:oak_sign":47,"biomesoplenty:brimstone":2,"minecraft:smooth_stone":3008,"minecraft:bucket":7,"minecraft:dark_oak_leaves":11,"minecraft:redstone_torch":3,"minecraft:iron_pickaxe":4,"born_in_chaos_v1:stimulating_decoction":3,"born_in_chaos_v1:smoldering_scorched_log":10,"minecraft:furnace":148,"biomesoplenty:rose_quartz_block":75,"minecraft:stick":123,"minecraft:oak_fence":210,"born_in_chaos_v1:phantom_powder":6,"minecraft:torch":690,"minecraft:porkchop":10,"minecraft:diorite":1695,"born_in_chaos_v1:nightmare_claw":1,"minecraft:rotten_flesh":276,"minecraft:obsidian":59,"undead_revamp2:arapholia":1,"minecraft:cobblestone":3670,"minecraft:enchanting_table":10,"minecraft:lilac":6,"minecraft:repeater":35,"minecraft:andesite":1507,"minecraft:potato":103,"minecraft:tuff":2,"undead_revamp2:huntereye":1,"deep_dark_regrowth:mossy_fluorite":163,"minecraft:wither_skeleton_skull":11,"deep_dark_regrowth:apatine_seeds":10,"minecraft:lapis_lazuli":196,"minecraft:dirt":784,"born_in_chaos_v1:monster_skin":12,"minecraft:leather_boots":2,"minecraft:glass":71,"minecraft:bone":199,"minecraft:bow":4,"minecraft:wheat_seeds":189,"minecraft:deepslate_brick_slab":1,"minecraft:raw_gold":79,"minecraft:bell":4,"minecraft:fletching_table":63,"minecraft:oak_planks":1705,"minecraft:music_disc_13":1,"minecraft:cooked_porkchop":21,"cctvcraft:antenna":1,"minecraft:poisonous_potato":2,"minecraft:sand":111,"minecraft:grass_block":3,"sophisticatedbackpacks:jukebox_upgrade":2,"minecraft:mossy_cobblestone":1,"minecraft:sugar":1,"born_in_chaos_v1:fire_dust":7,"minecraft:diamond":68,"minecraft:cracked_polished_blackstone_bricks":23,"minecraft:crossbow":15,"deep_dark_regrowth:unbreakability_seal":3,"minecraft:grass":6,"minecraft:bone_meal":2,"minecraft:golden_apple":22,"minecraft:emerald":726,"minecraft:oak_sapling":24,"minecraft:netherrack":2298,"minecraft:andesite_slab":5,"minecraft:oak_leaves":127,"minecraft:nether_star":1,"minecraft:charcoal":384,"born_in_chaos_v1:diamond_termite_shard":23,"minecraft:allium":2,"minecraft:ladder":8,"minecraft:wooden_pickaxe":6,"minecraft:gold_block":3,"mcwdoors:oak_barn_door":1,"minecraft:shield":15,"deep_dark_regrowth:combusted_soul":13,"minecraft:oak_trapdoor":24,"minecraft:iron_axe":7,"mcwdoors:oak_japanese_door":3,"minecraft:item_frame":44,"minecraft:blackstone":94,"graveyard:corruption":6,"minecraft:candle":5,"minecraft:echo_shard":3,"minecraft:oak_boat":4,"deep_dark_regrowth:sculk_soil":16,"minecraft:player_head":2,"minecraft:light_gray_wool":1,"minecraft:lectern":453,"minecraft:sugar_cane":14,"minecraft:phantom_membrane":7,"deep_dark_regrowth:soul_of_the_depths":20,"minecraft:dark_oak_sapling":86,"minecraft:raw_iron":83,"minecraft:bowl":1,"minecraft:polished_blackstone_bricks":101,"minecraft:cookie":408,"dixtas_armory:diamond_battle_axe":3,"mcwdoors:warped_japanese2_door":2,"minecraft:dark_oak_planks":157,"minecraft:arrow":31,"deep_dark_regrowth:large_infected_mushroom":4,"minecraft:pumpkin_pie":98,"minecraft:nether_bricks":247,"minecraft:saddle":1,"born_in_chaos_v1:trident_hayfork":1,"minecraft:wet_sponge":141,"minecraft:skeleton_skull":3,"minecraft:cracked_deepslate_tiles":1,"born_in_chaos_v1:corpse_maggot":55,"minecraft:air":0,"minecraft:glow_ink_sac":1,"minecraft:leather":207,"minecraft:birch_planks":19,"minecraft:cobbled_deepslate_stairs":91,"minecraft:yellow_bed":39,"minecraft:gunpowder":30,"minecraft:cobblestone_stairs":3,"minecraft:cooked_mutton":30,"minecraft:red_carpet":272,"minecraft:gray_carpet":14,"deep_dark_regrowth:pulse_flower_petal":24,"minecraft:iron_ingot":62,"minecraft:polished_andesite_slab":2,"minecraft:soul_sand":28,"minecraft:book":96,"sophisticatedbackpacks:diamond_backpack":9,"minecraft:sculk_catalyst":14,"minecraft:oak_slab":370,"minecraft:emerald_block":917,"deep_dark_regrowth:soul_key":2,"biomesoplenty:blackstone_bulb":1,"deep_dark_regrowth:apatine":38,"minecraft:quartz":40,"minecraft:dandelion":1,"minecraft:lava_bucket":15,"minecraft:blast_furnace":32,"minecraft:white_bed":1,"cctvcraft:aluminum_ingot":3,"minecraft:spider_eye":4,"undead_revamp2:rawbostrox":6,"minecraft:pumpkin_seeds":4,"biomesoplenty:bramble":2,"minecraft:chainmail_leggings":2,"minecraft:iron_helmet":18,"minecraft:black_wool":3,"minecraft:coal":204},"minecraft:mined":{"minecraft:dark_oak_planks":243,"minecraft:blackstone_stairs":4,"minecraft:white_bed":1,"biomesoplenty:brimstone":18,"minecraft:obsidian":180,"deep_dark_regrowth:fluorescent_moss":8,"cctvcraft:aluminum_ore":309,"minecraft:granite":1328,"biomesoplenty:bramble":3,"minecraft:chiseled_polished_blackstone":7,"minecraft:deepslate_tile_wall":2,"born_in_chaos_v1:dark_metal_deposit":4,"minecraft:yellow_carpet":2,"deep_dark_regrowth:sculk_tendril":2,"minecraft:deepslate_bricks":36,"minecraft:deepslate_tile_stairs":11,"minecraft:hopper":2,"minecraft:oak_wall_sign":1,"minecraft:spawner":2,"minecraft:polished_blackstone_bricks":158,"biomesoplenty:tall_lavender":2,"minecraft:magma_block":29,"minecraft:dark_oak_trapdoor":2,"minecraft:cobbled_deepslate":17,"minecraft:fire":27,"mcwdoors:warped_japanese2_door":3,"biomesoplenty:lavender":1,"deep_dark_regrowth:fernus":4,"minecraft:deepslate_lapis_ore":11,"minecraft:fletching_table":69,"minecraft:enchanting_table":9,"mcwdoors:metal_reinforced_door":18,"minecraft:sculk_shrieker":6,"minecraft:oak_sign":22,"minecraft:potted_dandelion":1,"minecraft:water_cauldron":1,"biomesoplenty:webbing":11,"minecraft:dirt_path":2,"minecraft:oak_stairs":185,"deep_dark_regrowth:sculk_biter":5,"minecraft:deepslate_brick_wall":1,"minecraft:smoker":4,"biomesoplenty:blackstone_spines":1,"mcwdoors:oak_western_door":2,"biomesoplenty:brimstone_fumarole":1,"minecraft:torch":135,"born_in_chaos_v1:infected_deepslate_diamond_ore":2,"minecraft:blast_furnace":35,"minecraft:glass":4,"minecraft:white_candle":1,"minecraft:sugar_cane":44,"born_in_chaos_v1:black_argillite_button":2,"minecraft:repeater":10,"graveyard:oak_coffin":2,"minecraft:wheat":34,"minecraft:lilac":6,"biomesoplenty:large_rose_quartz_bud":11,"born_in_chaos_v1:black_argillite_brick":4,"minecraft:grass":141,"deep_dark_regrowth:large_fernus":24,"minecraft:oak_fence_gate":1,"minecraft:stonecutter":1,"minecraft:deepslate":1482,"biomesoplenty:reed":1,"minecraft:deepslate_tiles":51,"minecraft:mossy_cobblestone":14,"minecraft:dark_oak_log":498,"deep_dark_regrowth:sculk_sprouts":15,"minecraft:nether_bricks":341,"born_in_chaos_v1:black_argillite":5,"minecraft:crimson_roots":2,"minecraft:redstone_wire":109,"minecraft:moss_block":2,"born_in_chaos_v1:gnawed_bones":2,"biomesoplenty:dune_grass":2,"deep_dark_regrowth:pulse_flower_activated":2,"deep_dark_regrowth:ancient_vase":10,"minecraft:andesite":1707,"deep_dark_regrowth:sculk_moss_3":2,"minecraft:potatoes":29,"biomesoplenty:high_grass":4,"biomesoplenty:brimstone_bud":1,"biomesoplenty:barley":171,"biomesoplenty:rose_quartz_cluster":4,"minecraft:white_wool":1,"deep_dark_regrowth:pulse_flower":16,"minecraft:smithing_table":8,"minecraft:oak_slab":269,"minecraft:redstone_block":1,"minecraft:glass_pane":25,"minecraft:soul_sand":28,"minecraft:dandelion":2,"deep_dark_regrowth:infected_mushroom":4,"biomesoplenty:small_rose_quartz_bud":2,"minecraft:spruce_button":1,"minecraft:emerald_ore":2,"minecraft:sponge":5,"undead_revamp2:blacpetalblock":1,"biomesoplenty:high_grass_plant":2,"minecraft:copper_ore":123,"minecraft:tall_grass":24,"endofherobrine:glowing_obsidian":33,"minecraft:deepslate_gold_ore":58,"minecraft:cracked_deepslate_bricks":13,"minecraft:diorite":1686,"deep_dark_regrowth:sculk_moss":1,"minecraft:dark_oak_wall_sign":1,"minecraft:white_carpet":6,"minecraft:birch_leaves":5,"deep_dark_regrowth:apatine_plant":26,"deep_dark_regrowth:soul_burner":1,"deep_dark_regrowth:large_ancient_vase":2,"minecraft:gravel":593,"biomesoplenty:stringy_cobweb":2,"minecraft:cobweb":6,"minecraft:oak_button":4,"minecraft:stone_bricks":182,"minecraft:chipped_anvil":1,"deep_dark_regrowth:sculk_biter_charge":1,"minecraft:infested_stone":1,"mcwdoors:oak_japanese_door":2,"graveyard:hanged_skeleton":1,"minecraft:farmland":34,"minecraft:cobbled_deepslate_stairs":11,"minecraft:sculk_vein":46,"minecraft:cobblestone_stairs":13,"minecraft:grass_block":129,"minecraft:cracked_polished_blackstone_bricks":84,"biomesoplenty:rose_quartz_block":78,"smile:computer":1,"minecraft:composter":1,"minecraft:gilded_blackstone":5,"biomesoplenty:blackstone_bulb":3,"biomesoplenty:bramble_leaves":2,"minecraft:smooth_stone":178,"deep_dark_regrowth:vilethorn":5,"minecraft:glowstone":111,"minecraft:sculk_catalyst":2,"born_in_chaos_v1:black_argillite_brick_slab":2,"minecraft:iron_ore":40,"born_in_chaos_v1:black_argillite_brick_stairs":9,"minecraft:black_carpet":83,"minecraft:anvil":15,"biomesoplenty:medium_rose_quartz_bud":4,"minecraft:deepslate_redstone_ore":2,"minecraft:blackstone":456,"deep_dark_regrowth:sculk_ribs":3,"graveyard:deepslate_gravestone":1,"biomesoplenty:hanging_cobweb_strand":2,"minecraft:poppy":1,"minecraft:chest":84,"minecraft:nether_quartz_ore":22,"minecraft:wither_skeleton_wall_skull":1,"minecraft:cobblestone":285,"deep_dark_regrowth:overloaded_sculk":4,"minecraft:oak_planks":784,"minecraft:iron_door":7,"minecraft:wall_torch":185,"deep_dark_regrowth:stone_tiles_stairs":6,"minecraft:seagrass":2,"born_in_chaos_v1:fired_black_argillite":1,"minecraft:birch_log":7,"minecraft:yellow_wool":1,"minecraft:stripped_oak_wood":1,"minecraft:mangrove_button":5,"minecraft:smooth_stone_slab":250,"minecraft:cracked_deepslate_tiles":27,"minecraft:oak_log":748,"deep_dark_regrowth:large_infected_mushroom":18,"minecraft:sand":80,"minecraft:dirt":697,"minecraft:dispenser":2,"minecraft:wither_skeleton_skull":5,"deep_dark_regrowth:exxo_growth":2,"minecraft:netherrack":3145,"minecraft:emerald_block":49,"minecraft:oak_leaves":498,"minecraft:redstone_lamp":1,"minecraft:tuff":8,"minecraft:nether_gold_ore":13,"minecraft:red_carpet":53,"the_knocker:deadcow":2,"deep_dark_regrowth:short_infected_mushroom":8,"deep_dark_regrowth:sculk_soil":27,"minecraft:dark_oak_leaves":126,"minecraft:deepslate_diamond_ore":9,"minecraft:oak_door":6,"born_in_chaos_v1:nightmare_stalker_skull":1,"born_in_chaos_v1:infected_diamond_ore":4,"deep_dark_regrowth:large_ancient_vase_top":1,"biomesoplenty:bush":55,"minecraft:glow_lichen":1,"minecraft:lever":4,"minecraft:ladder":17,"minecraft:chiseled_bookshelf":58,"minecraft:polished_andesite_slab":8,"deep_dark_regrowth:long_sculk_tendril_active":2,"minecraft:large_fern":2,"minecraft:hay_block":59,"mcwdoors:oak_barn_door":1,"minecraft:deepslate_brick_slab":2,"minecraft:dead_brain_coral":1,"minecraft:oak_trapdoor":25,"minecraft:heavy_weighted_pressure_plate":3,"minecraft:furnace":69,"minecraft:carrots":14,"biomesoplenty:toadstool":1,"minecraft:chiseled_deepslate":2,"biomesoplenty:willow_vine":1,"biomesoplenty:sea_oats":4,"minecraft:gold_block":8,"minecraft:bell":4,"minecraft:nether_brick_fence":8,"minecraft:polished_deepslate":2,"minecraft:bookshelf":53,"minecraft:deepslate_iron_ore":50,"minecraft:stripped_oak_log":3,"deep_dark_regrowth:long_sculk_tendril":3,"minecraft:wet_sponge":38,"biomesoplenty:spider_egg":7,"minecraft:stone":14647,"minecraft:basalt":7,"born_in_chaos_v1:stripped_scorched_log":1,"minecraft:oak_fence":44,"minecraft:crafting_table":10,"minecraft:oak_wood":6,"minecraft:andesite_slab":6,"deep_dark_regrowth:sculk_tendril_active":1,"minecraft:lectern":432,"minecraft:stone_slab":18,"minecraft:deepslate_coal_ore":1,"born_in_chaos_v1:chipped_black_argillite_brick":1,"mcwdoors:metal_windowed_door":7,"biomesoplenty:sprout":2,"minecraft:lapis_ore":19,"minecraft:sculk":243,"minecraft:gray_wool":6,"minecraft:birch_planks":5,"minecraft:redstone_torch":1,"minecraft:yellow_bed":54,"minecraft:coal_ore":226,"minecraft:gray_carpet":10,"graveyard:leaning_skeleton":1,"deep_dark_regrowth:soul_crystal":2,"minecraft:mossy_stone_bricks":1},"minecraft:killed":{"minecraft:cave_spider":5,"born_in_chaos_v1:zombie_lumberjack":10,"born_in_chaos_v1:restless_spirit":9,"born_in_chaos_v1:skeleton_demoman":3,"born_in_chaos_v1:siamese_skeletonsright":3,"undead_revamp2:theswarmer":9,"minecraft:skeleton":57,"deep_dark_regrowth:sculk_parasite":1,"the_knocker:knocker":6,"minecraft:chicken":4,"born_in_chaos_v1:skeleton_thrasher":1,"undead_revamp2:thepregnant":1,"undead_revamp2:thespitter":4,"man:managgresive":5,"born_in_chaos_v1:bone_imp":4,"minecraft:salmon":4,"minecraft:iron_golem":17,"undead_revamp2:theheavy":3,"bwrtherain:spider_skull":35,"minecraft:pillager":89,"minecraft:zombie":74,"born_in_chaos_v1:corpse_fly":50,"born_in_chaos_v1:door_knight":2,"minecraft:cow":2,"minecraft:evoker":14,"undead_revamp2:thehunter":1,"graveyard:nightmare":2,"minecraft:vindicator":63,"undead_revamp2:bomber":4,"born_in_chaos_v1:thornshell_crab":2,"born_in_chaos_v1:firelight":2,"minecraft:horse":2,"born_in_chaos_v1:dire_hound_leader":2,"arphex:hornet_harbinger":2,"minecraft:warden":15,"born_in_chaos_v1:barrel_zombie":1,"born_in_chaos_v1:spiritof_chaos":2,"graveyard:ghoul":5,"deep_dark_regrowth:soul_key_awake":1,"undead_revamp2:the_moonflower":13,"minecraft:ravager":16,"born_in_chaos_v1:decrepit_skeleton":21,"undead_revamp2:thesomnolence":6,"born_in_chaos_v1:dark_vortex":4,"man:manfromthefogback":2,"minecraft:enderman":6,"born_in_chaos_v1:lifestealer_true_form":1,"born_in_chaos_v1:zombie_clown":4,"endofherobrine:silverfish":21,"minecraft:zombified_piglin":20,"minecraft:witch":16,"graveyard:skeleton_creeper":2,"born_in_chaos_v1:seared_spirit":1,"minecraft:spider":46,"undead_revamp2:thesmoker":6,"minecraft:wither":1,"born_in_chaos_v1:scarlet_persecutor":6,"minecraft:bee":7,"minecraft:silverfish":1,"undead_revamp2:therod":1,"minecraft:piglin_brute":5,"born_in_chaos_v1:firelight_not_despawn":2,"minecraft:piglin":9,"minecraft:pig":13,"born_in_chaos_v1:diamond_termite":17,"minecraft:zombie_villager":2,"minecraft:strider":1,"minecraft:creeper":50,"minecraft:sheep":17,"undead_revamp2:theordure":5,"undead_revamp2:thebidyupside":3,"minecraft:trader_llama":2,"antlers:wendigomad":1,"born_in_chaos_v1:dread_hound":21,"minecraft:ghast":2,"undead_revamp2:theskeeper":1,"cave_dweller:cave_dweller":27,"apollyon:the_damned":45,"born_in_chaos_v1:siamese_skeletonsleft":2,"minecraft:blaze":16,"arphex:hornet_harbinger_giant":1,"minecraft:vex":35,"born_in_chaos_v1:missioner":1,"undead_revamp2:thegliter":3,"born_in_chaos_v1:zombie_clown_not_despawn":2,"minecraft:slime":27,"born_in_chaos_v1:zombie_bruiser":7,"born_in_chaos_v1:maggot":41,"minecraft:phantom":9,"born_in_chaos_v1:corpse_fish":4,"born_in_chaos_v1:siamese_skeletons":1,"born_in_chaos_v1:fallen_chaos_knight":1,"endofherobrine:villager":5,"born_in_chaos_v1:baby_skeleton":8,"born_in_chaos_v1:swarmer":2,"minecraft:bat":5,"minecraft:hoglin":9,"born_in_chaos_v1:phantom_creeper_copy":2,"born_in_chaos_v1:decaying_zombie":5,"born_in_chaos_v1:nightmare_stalker":1,"endofherobrine:sheep":2,"minecraft:wither_skeleton":72,"minecraft:villager":31},"minecraft:broken":{"minecraft:diamond_helmet":1,"minecraft:iron_chestplate":1,"minecraft:iron_helmet":2,"minecraft:leather_leggings":1,"minecraft:stone_pickaxe":2,"minecraft:diamond_boots":2},"minecraft:used":{"minecraft:beetroot":17,"minecraft:dispenser":28,"minecraft:ladder":70,"minecraft:rotten_flesh":37,"minecraft:black_carpet":873,"minecraft:chest":594,"minecraft:stone":235,"minecraft:soul_sand":10,"deep_dark_regrowth:life_fruit":1,"minecraft:jungle_sapling":12,"minecraft:villager_spawn_egg":1,"minecraft:grass_block":22,"minecraft:dark_oak_button":1,"born_in_chaos_v1:nightmare_stalker_skull":1,"minecraft:bow":288,"minecraft:oak_sapling":2,"minecraft:furnace":98,"minecraft:potato":262,"minecraft:diorite":85,"minecraft:cow_spawn_egg":5,"minecraft:wooden_pickaxe":9,"minecraft:composter":5,"minecraft:cookie":264,"minecraft:golden_apple":27,"minecraft:glow_berries":2,"minecraft:blast_furnace":103,"dixtas_armory:netherite_battle_axe":1,"mcwdoors:garage_black_door":6,"born_in_chaos_v1:monster_flesh":4,"minecraft:lectern":440,"minecraft:smithing_table":9,"minecraft:oak_boat":4,"minecraft:oak_trapdoor":46,"minecraft:stone_sword":21,"minecraft:enchanting_table":13,"born_in_chaos_v1:ethereal_spirit":4,"mcwdoors:metal_reinforced_door":24,"minecraft:wither_skeleton_spawn_egg":84,"minecraft:cooked_salmon":3,"graveyard:oak_coffin":1,"minecraft:netherrack":340,"minecraft:torch":2045,"mcwdoors:warped_japanese2_door":3,"minecraft:anvil":34,"deep_dark_regrowth:soul_key_awake_spawn_egg":1,"minecraft:oak_fence_gate":8,"minecraft:chipped_anvil":1,"minecraft:iron_axe":17,"minecraft:spruce_button":15,"deep_dark_regrowth:soul_of_the_depths":10,"minecraft:totem_of_undying":8,"minecraft:diamond_chestplate":1,"minecraft:glowstone":219,"minecraft:beef":2,"minecraft:cobbled_deepslate":8,"minecraft:wheat_seeds":194,"minecraft:water_bucket":199,"minecraft:chiseled_bookshelf":69,"minecraft:birch_planks":4,"minecraft:lead":2,"minecraft:cauldron":1,"minecraft:glow_ink_sac":8,"minecraft:fletching_table":77,"minecraft:sheep_spawn_egg":22,"graveyard:ossuary":1,"minecraft:polished_blackstone_bricks":19,"minecraft:tnt":1,"minecraft:oak_slab":414,"minecraft:crafting_table":43,"minecraft:oak_log":3410,"minecraft:diamond_pickaxe":27718,"minecraft:diamond_shovel":1139,"minecraft:iron_pickaxe":227,"minecraft:suspicious_stew":1,"minecraft:oak_button":19,"minecraft:pig_spawn_egg":31,"minecraft:spruce_sapling":9,"minecraft:cobblestone":296,"minecraft:potion":1,"biomesoplenty:blackstone_bulb":1,"minecraft:porkchop":2,"minecraft:cooked_porkchop":3,"minecraft:diamond_leggings":1,"born_in_chaos_v1:intoxicating_decoction":1,"minecraft:oak_sign":49,"minecraft:mangrove_button":10,"minecraft:diamond_hoe":533,"dixtas_armory:diamond_battle_axe":2166,"minecraft:bell":3,"minecraft:iron_chestplate":1,"minecraft:nether_bricks":20,"minecraft:carrot":305,"minecraft:obsidian":967,"minecraft:tuff":2,"minecraft:glass":1,"sophisticatedbackpacks:diamond_backpack":6,"born_in_chaos_v1:corpse_maggot":5,"cfm:dark_oak_upgraded_fence":7,"deep_dark_regrowth:soul_burner":1,"minecraft:stone_bricks":1011,"minecraft:item_frame":78,"minecraft:repeater":17,"minecraft:red_carpet":932,"mcwdoors:metal_windowed_door":22,"minecraft:hay_block":4,"mcwdoors:oak_japanese_door":3,"minecraft:dark_oak_sapling":63,"minecraft:diamond_boots":2,"minecraft:wither_skeleton_skull":11,"minecraft:stone_pickaxe":404,"minecraft:dark_oak_sign":9,"minecraft:oak_planks":1551,"minecraft:ender_pearl":2,"minecraft:sugar_cane":39,"minecraft:diamond_axe":3401,"minecraft:sponge":141,"minecraft:cobbled_deepslate_stairs":42,"minecraft:shears":137,"undead_revamp2:bostroxset_helmet":1,"cfm:oak_chair":4,"graveyard:hanged_skeleton":3,"minecraft:heavy_weighted_pressure_plate":9,"deep_dark_regrowth:exxo_plant":2,"minecraft:lever":14,"sophisticatedbackpacks:backpack":1,"minecraft:bread":430,"minecraft:dark_oak_log":20,"minecraft:iron_door":13,"minecraft:gravel":91,"cfm:oak_desk_cabinet":2,"born_in_chaos_v1:rotten_fish":2,"mcwdoors:oak_barn_door":1,"minecraft:andesite":20,"minecraft:smooth_stone_slab":920,"born_in_chaos_v1:zombie_clown_not_despawn_spawn_egg":1,"minecraft:bone_meal":171,"minecraft:experience_bottle":348,"minecraft:oak_fence":204,"minecraft:cracked_deepslate_bricks":1,"biomesoplenty:brimstone":2,"deep_dark_regrowth:soul_crystal":1,"minecraft:flint_and_steel":14,"minecraft:stone_shovel":46,"minecraft:redstone":293,"minecraft:oak_door":9,"minecraft:dirt":456,"minecraft:white_carpet":42,"minecraft:hopper":14,"minecraft:diamond_helmet":3,"minecraft:granite":44,"minecraft:iron_hoe":58,"minecraft:dark_oak_planks":635,"cfm:oak_table":4,"minecraft:bookshelf":71,"deep_dark_regrowth:stone_tiles_stairs":61,"minecraft:golden_carrot":76,"minecraft:emerald_block":338,"minecraft:deepslate_tile_stairs":3,"minecraft:cooked_beef":2,"deep_dark_regrowth:large_ancient_vase":1,"minecraft:cooked_mutton":4,"minecraft:cobblestone_stairs":75,"dixtas_armory:stone_battle_axe":82,"minecraft:white_dye":8,"minecraft:beacon":1,"born_in_chaos_v1:stimulating_decoction":2,"minecraft:spider_eye":1,"minecraft:painting":47,"minecraft:smoker":62,"minecraft:apple":30,"minecraft:stone_slab":25,"mcwdoors:oak_western_door":46,"minecraft:stone_axe":59,"minecraft:white_banner":1,"minecraft:bucket":179,"minecraft:yellow_bed":82,"dixtas_armory:iron_battle_axe":181,"minecraft:smooth_stone":3367,"minecraft:splash_potion":1,"minecraft:chainmail_leggings":1},"minecraft:custom":{"minecraft:interact_with_crafting_table":199,"minecraft:open_barrel":17,"minecraft:bell_ring":88,"minecraft:leave_game":23,"minecraft:time_since_death":448265,"minecraft:play_time":2373970,"minecraft:deaths":63,"minecraft:jump":29557,"minecraft:enchant_item":70,"minecraft:interact_with_furnace":417,"minecraft:traded_with_villager":1602,"minecraft:sleep_in_bed":35,"minecraft:damage_dealt":401719,"minecraft:interact_with_smoker":4,"minecraft:inspect_dispenser":68,"minecraft:interact_with_smithing_table":1,"minecraft:interact_with_anvil":16,"minecraft:inspect_hopper":3,"minecraft:damage_dealt_absorbed":200,"minecraft:sneak_time":77961,"minecraft:interact_with_blast_furnace":7,"minecraft:total_world_time":2373970,"minecraft:interact_with_stonecutter":6,"minecraft:time_since_rest":448278,"minecraft:swim_one_cm":68561,"minecraft:fly_one_cm":5515017,"minecraft:open_chest":617,"minecraft:fall_one_cm":625847,"minecraft:animals_bred":23,"minecraft:damage_resisted":25317,"minecraft:sprint_one_cm":4014088,"minecraft:drop":3007,"minecraft:talked_to_villager":931,"minecraft:interact_with_brewingstand":1,"minecraft:walk_on_water_one_cm":245841,"minecraft:interact_with_beacon":4,"minecraft:player_kills":60,"minecraft:crouch_one_cm":313596,"minecraft:mob_kills":1270,"minecraft:damage_dealt_resisted":6874,"minecraft:climb_one_cm":89766,"minecraft:walk_one_cm":8511716,"minecraft:raid_win":3,"minecraft:walk_under_water_one_cm":97085,"minecraft:boat_one_cm":11755,"minecraft:raid_trigger":23,"minecraft:interact_with_grindstone":6,"minecraft:damage_taken":35313456,"minecraft:damage_absorbed":1178},"minecraft:crafted":{"minecraft:smooth_stone":256,"minecraft:chainmail_helmet":12,"minecraft:oak_sign":30,"born_in_chaos_v1:death_totem":7,"minecraft:lever":2,"minecraft:diamond_shovel":10,"minecraft:bookshelf":9,"minecraft:diamond_helmet":9,"minecraft:diamond_leggings":8,"minecraft:beacon":1,"minecraft:deepslate":43,"minecraft:emerald":6275,"minecraft:diamond_axe":4,"minecraft:smithing_table":35,"minecraft:fletching_table":4,"minecraft:stone_slab":36,"minecraft:iron_pickaxe":4,"minecraft:gold_ingot":26,"minecraft:golden_carrot":648,"minecraft:stone_shovel":13,"minecraft:smooth_stone_slab":594,"minecraft:iron_nugget":72,"minecraft:player_head":3,"minecraft:diamond_hoe":4,"minecraft:bone_meal":309,"minecraft:white_carpet":9,"minecraft:diamond":8,"minecraft:ladder":147,"cfm:oak_desk_cabinet":2,"minecraft:stone_pickaxe":1,"cfm:oak_table":4,"minecraft:diamond_boots":22,"minecraft:cobbled_deepslate_stairs":88,"minecraft:dark_oak_planks":2112,"minecraft:chainmail_leggings":36,"minecraft:wheat":396,"minecraft:enchanting_table":1,"sophisticatedbackpacks:gold_backpack":1,"minecraft:dark_oak_button":1,"minecraft:enchanted_book":16,"minecraft:oak_fence_gate":44,"minecraft:golden_apple":220,"minecraft:chainmail_boots":24,"minecraft:iron_shovel":6,"undead_revamp2:bostroxset_helmet":1,"minecraft:mangrove_button":4,"minecraft:oak_planks":18172,"minecraft:cobblestone_stairs":68,"minecraft:stone":4028,"dixtas_armory:diamond_battle_axe":2,"minecraft:heavy_weighted_pressure_plate":40,"minecraft:suspicious_stew":12,"minecraft:iron_boots":16,"minecraft:chest":500,"mcwdoors:metal_door":12,"minecraft:oak_button":111,"minecraft:stone_hoe":12,"minecraft:oak_fence":192,"minecraft:smoker":137,"minecraft:oak_slab":1368,"minecraft:crafting_table":42,"minecraft:spruce_planks":12,"minecraft:wooden_pickaxe":1,"minecraft:iron_helmet":35,"minecraft:chainmail_chestplate":34,"minecraft:chiseled_polished_blackstone":17,"minecraft:birch_planks":20,"mcwdoors:metal_reinforced_door":8,"minecraft:apple":636,"minecraft:totem_of_undying":3,"minecraft:book":3,"minecraft:iron_chestplate":36,"minecraft:paper":12,"minecraft:diamond_pickaxe":9,"minecraft:charcoal":387,"minecraft:emerald_block":148,"minecraft:shield":12,"sophisticatedbackpacks:diamond_backpack":2,"minecraft:stick":9368,"minecraft:iron_ingot":780,"minecraft:shears":3,"minecraft:oak_door":9,"minecraft:cookie":2038,"minecraft:coal":2084,"mcwdoors:oak_western_door":108,"minecraft:furnace":225,"minecraft:blast_furnace":15,"minecraft:dark_oak_sign":24,"minecraft:oak_trapdoor":64,"minecraft:iron_axe":1,"minecraft:iron_hoe":1,"minecraft:chiseled_bookshelf":242,"minecraft:glistering_melon_slice":36,"mcwdoors:metal_windowed_door":4,"minecraft:diamond_sword":1,"minecraft:bell":36,"minecraft:skeleton_skull":9,"minecraft:mangrove_planks":4,"minecraft:bucket":2,"minecraft:stone_axe":1,"minecraft:bread":989,"minecraft:air":0,"minecraft:oak_boat":2,"minecraft:white_dye":60,"minecraft:anvil":43,"cfm:oak_chair":4,"minecraft:pumpkin_pie":144,"undead_revamp2:bostroxingot":3,"minecraft:torch":1548,"mcwdoors:oak_barn_door":2,"minecraft:lapis_lazuli":36,"minecraft:diamond_chestplate":7}},"DataVersion":3465}