{"stats":{"minecraft:killed":{"minecraft:cave_spider":4,"undead_revamp2:thegliter":1,"minecraft:spider":1,"undead_revamp2:theswarmer":1,"minecraft:skeleton":3,"minecraft:horse":1,"minecraft:bee":1,"born_in_chaos_v1:corpse_fish":1,"minecraft:pig":4,"minecraft:iron_golem":1,"bwrtherain:spider_skull":1,"born_in_chaos_v1:decrepit_skeleton":2,"born_in_chaos_v1:zombie_fisherman":1,"undead_revamp2:thesomnolence":2,"minecraft:zombie":5,"born_in_chaos_v1:corpse_fly":15,"born_in_chaos_v1:nightmare_stalker":1,"minecraft:villager":1,"minecraft:enderman":1,"born_in_chaos_v1:siamese_skeletonsleft":1,"minecraft:cow":2},"minecraft:custom":{"minecraft:interact_with_anvil":1,"minecraft:mob_kills":51,"minecraft:interact_with_crafting_table":10,"minecraft:open_barrel":2,"minecraft:damage_dealt_resisted":177,"minecraft:leave_game":4,"minecraft:time_since_death":17114,"minecraft:climb_one_cm":14486,"minecraft:sprint_one_cm":361224,"minecraft:walk_one_cm":312676,"minecraft:drop":30,"minecraft:play_time":167395,"minecraft:deaths":51,"minecraft:sneak_time":3365,"minecraft:walk_under_water_one_cm":4427,"minecraft:jump":3226,"minecraft:walk_on_water_one_cm":27223,"minecraft:total_world_time":167395,"minecraft:interact_with_furnace":4,"minecraft:sleep_in_bed":2,"minecraft:time_since_rest":17142,"minecraft:damage_taken":15386,"minecraft:damage_dealt":16321,"minecraft:swim_one_cm":15645,"minecraft:fly_one_cm":435454,"minecraft:player_kills":19,"minecraft:open_chest":18,"minecraft:crouch_one_cm":7951,"minecraft:fall_one_cm":96263},"minecraft:picked_up":{"minecraft:charcoal":2,"born_in_chaos_v1:diamond_termite_shard":3,"minecraft:iron_chestplate":2,"born_in_chaos_v1:seedof_chaos":1,"minecraft:string":21,"minecraft:iron_leggings":2,"minecraft:cobbled_deepslate":43,"minecraft:beef":8,"minecraft:redstone_torch":1,"minecraft:poppy":2,"minecraft:iron_pickaxe":1,"minecraft:sugar_cane":1,"minecraft:iron_boots":1,"minecraft:egg":2,"minecraft:stick":99,"minecraft:raw_iron":8,"born_in_chaos_v1:shattered_skull":1,"minecraft:oak_door":1,"minecraft:torch":39,"minecraft:acacia_log":1,"sophisticatedbackpacks:backpack":2,"minecraft:porkchop":4,"minecraft:diorite":96,"born_in_chaos_v1:pieceofdarkmetal":1,"minecraft:redstone":14,"minecraft:rotten_flesh":18,"minecraft:obsidian":42,"minecraft:cobblestone":1,"born_in_chaos_v1:fused_bone":1,"born_in_chaos_v1:corpse_maggot":14,"minecraft:lilac":1,"born_in_chaos_v1:monster_flesh":3,"born_in_chaos_v1:spiritual_dust":3,"minecraft:andesite":93,"minecraft:leather":7,"minecraft:potato":8,"born_in_chaos_v1:black_argillite_button":5,"dixtas_armory:iron_battle_axe":2,"minecraft:yellow_bed":2,"minecraft:lapis_lazuli":27,"minecraft:dirt":2,"born_in_chaos_v1:nightmare_stalker_skull":1,"minecraft:leather_boots":1,"minecraft:bone":34,"minecraft:wheat_seeds":12,"minecraft:raw_gold":25,"minecraft:iron_ingot":78,"born_in_chaos_v1:chipped_black_argillite_brick":1,"minecraft:cobweb":7,"minecraft:polished_andesite_slab":3,"minecraft:white_bed":2,"minecraft:spider_eye":5,"graveyard:oak_coffin":2,"minecraft:slime_ball":1,"minecraft:diamond":28,"born_in_chaos_v1:black_argillite_brick_slab":2,"minecraft:stone_axe":1,"minecraft:iron_helmet":1,"minecraft:granite":18,"minecraft:bone_meal":9,"minecraft:spruce_button":7,"minecraft:bread":96,"born_in_chaos_v1:rotten_fish":1,"minecraft:damaged_anvil":1,"minecraft:andesite_slab":1},"minecraft:dropped":{"minecraft:iron_ingot":9,"minecraft:candle":5,"minecraft:wheat_seeds":2,"minecraft:lapis_lazuli":19,"minecraft:lilac":1,"minecraft:diamond":4,"minecraft:spruce_button":7,"minecraft:cobweb":12,"born_in_chaos_v1:nightmare_stalker_skull":1,"minecraft:iron_leggings":1,"minecraft:gold_ingot":4,"minecraft:obsidian":2,"minecraft:raw_iron":8,"born_in_chaos_v1:black_argillite_button":2,"minecraft:white_candle":1,"sophisticatedbackpacks:backpack":1,"minecraft:poppy":2,"minecraft:iron_chestplate":1,"born_in_chaos_v1:corpse_maggot":1,"minecraft:leather_boots":1,"minecraft:slime_ball":1,"minecraft:beef":2,"minecraft:raw_gold":25,"dixtas_armory:iron_battle_axe":1},"minecraft:used":{"dixtas_armory:diamond_battle_axe":46,"minecraft:rotten_flesh":13,"graveyard:oak_coffin":2,"minecraft:iron_chestplate":2,"minecraft:torch":21,"minecraft:dirt":2,"minecraft:granite":18,"minecraft:obsidian":40,"born_in_chaos_v1:corpse_maggot":11,"born_in_chaos_v1:chipped_black_argillite_brick":1,"born_in_chaos_v1:black_argillite_button":3,"minecraft:iron_helmet":2,"minecraft:iron_boots":1,"born_in_chaos_v1:black_argillite_brick_slab":2,"minecraft:egg":1,"minecraft:acacia_planks":4,"minecraft:cobbled_deepslate":28,"minecraft:iron_leggings":2,"minecraft:diorite":96,"minecraft:andesite_slab":1,"minecraft:sugar_cane":1,"minecraft:white_bed":2,"minecraft:redstone_torch":1,"sophisticatedbackpacks:backpack":2,"minecraft:bread":31,"minecraft:iron_pickaxe":232,"minecraft:polished_andesite_slab":3,"minecraft:cobblestone":1,"born_in_chaos_v1:rotten_fish":1,"minecraft:andesite":93,"minecraft:yellow_bed":2,"dixtas_armory:iron_battle_axe":271},"minecraft:mined":{"undead_revamp2:arapholia":1,"graveyard:torso_pile":1,"minecraft:white_bed":2,"minecraft:deepslate_diamond_ore":2,"minecraft:granite":12,"biomesoplenty:bush":7,"born_in_chaos_v1:dark_metal_deposit":1,"graveyard:skull_on_pike":1,"minecraft:moss_block":1,"minecraft:magma_block":1,"born_in_chaos_v1:black_argillite_brick_slab":2,"minecraft:cobbled_deepslate":4,"minecraft:andesite":70,"minecraft:chiseled_deepslate":1,"minecraft:enchanting_table":1,"biomesoplenty:hanging_cobweb":1,"biomesoplenty:high_grass":93,"biomesoplenty:webbing":9,"biomesoplenty:barley":43,"biomesoplenty:spider_egg":1,"minecraft:stone":55,"minecraft:redstone_wall_torch":1,"graveyard:laterally_lying_skeleton":1,"minecraft:torch":5,"minecraft:spruce_button":1,"minecraft:campfire":1,"biomesoplenty:high_grass_plant":244,"minecraft:tall_grass":22,"minecraft:copper_ore":3,"minecraft:cobblestone":1,"born_in_chaos_v1:chipped_black_argillite_brick":2,"graveyard:lying_skeleton":1,"minecraft:sugar_cane":1,"minecraft:damaged_anvil":1,"minecraft:diorite":33,"minecraft:wall_torch":6,"graveyard:oak_coffin":1,"biomesoplenty:pink_daffodil":1,"minecraft:lilac":2,"minecraft:birch_leaves":1,"born_in_chaos_v1:black_argillite_brick":2,"graveyard:skull_pile":1,"minecraft:yellow_bed":2,"minecraft:grass":199,"minecraft:gravel":4,"graveyard:leaning_skeleton":1,"biomesoplenty:stringy_cobweb":3,"minecraft:cobweb":6,"minecraft:oak_leaves":3,"minecraft:deepslate":12,"minecraft:fern":3},"minecraft:broken":{"minecraft:iron_boots":1,"minecraft:iron_chestplate":1,"minecraft:iron_leggings":1,"dixtas_armory:iron_battle_axe":1,"minecraft:iron_pickaxe":1,"minecraft:iron_helmet":1},"minecraft:crafted":{"dixtas_armory:diamond_battle_axe":1,"dixtas_armory:iron_battle_axe":1,"minecraft:iron_boots":2,"minecraft:iron_helmet":1,"minecraft:iron_chestplate":2,"minecraft:iron_pickaxe":1,"minecraft:iron_leggings":2,"minecraft:acacia_planks":4,"minecraft:diamond_chestplate":1},"minecraft:killed_by":{"minecraft:player":24,"born_in_chaos_v1:nightmare_stalker":1,"minecraft:creeper":1,"minecraft:iron_golem":3,"born_in_chaos_v1:corpse_fly":2,"man:managgresive":1,"apollyon:the_damned":2,"undead_revamp2:therod":1,"minecraft:cave_spider":1,"minecraft:skeleton":2}},"DataVersion":3465}