{"stats":{"minecraft:dropped":{"minecraft:dirt":1,"minecraft:diorite":43,"minecraft:stone_sword":1,"minecraft:cobbled_deepslate":21,"minecraft:andesite":1,"minecraft:cobblestone":69,"minecraft:oak_planks":6,"minecraft:stone_pickaxe":1,"minecraft:stick":10},"minecraft:picked_up":{"minecraft:stick":10,"minecraft:andesite":2,"minecraft:oak_log":3,"minecraft:diorite":72,"minecraft:dirt":1,"minecraft:stone_sword":1,"minecraft:cobbled_deepslate":34,"minecraft:stone_pickaxe":1,"minecraft:bread":1,"minecraft:oak_planks":6,"minecraft:cobblestone":73},"minecraft:custom":{"minecraft:time_since_rest":1147,"minecraft:sprint_one_cm":22671,"minecraft:damage_taken":799,"minecraft:walk_one_cm":28226,"minecraft:drop":16,"minecraft:damage_dealt":60,"minecraft:interact_with_crafting_table":2,"minecraft:player_kills":1,"minecraft:fly_one_cm":25208,"minecraft:open_chest":6,"minecraft:crouch_one_cm":2424,"minecraft:play_time":24100,"minecraft:deaths":3,"minecraft:sneak_time":1323,"minecraft:bell_ring":37,"minecraft:jump":192,"minecraft:leave_game":2,"minecraft:time_since_death":1098,"minecraft:total_world_time":24100,"minecraft:climb_one_cm":1628,"minecraft:fall_one_cm":3588},"minecraft:mined":{"minecraft:grass":2,"minecraft:oak_log":3,"minecraft:diorite":16,"minecraft:oak_leaves":1,"minecraft:deepslate":26},"minecraft:used":{"minecraft:bread":1,"minecraft:stone_pickaxe":42,"minecraft:cobblestone":4},"minecraft:crafted":{"minecraft:oak_planks":12,"minecraft:stick":12,"minecraft:stone_pickaxe":1},"minecraft:killed_by":{"man:managgresive":1,"minecraft:player":1}},"DataVersion":3465}