{"stats":{"minecraft:dropped":{"sophisticatedbackpacks:iron_backpack":7,"minecraft:iron_sword":1,"minecraft:porkchop":13,"minecraft:lapis_lazuli":29,"minecraft:glow_ink_sac":55,"minecraft:glass_bottle":10,"minecraft:diamond":13,"minecraft:crafting_table":2,"minecraft:cooked_porkchop":7,"minecraft:crossbow":3,"minecraft:cookie":753,"born_in_chaos_v1:pieceofdarkmetal":11,"minecraft:red_carpet":5,"sophisticatedbackpacks:gold_backpack":1,"minecraft:emerald":82,"minecraft:gold_block":2,"born_in_chaos_v1:monster_flesh":6,"minecraft:dirt":783,"minecraft:cracked_deepslate_tiles":16,"minecraft:snout_armor_trim_smithing_template":1,"minecraft:chain":3,"minecraft:gold_nugget":10,"minecraft:bone_meal":12,"minecraft:phantom_membrane":14,"minecraft:sand":109,"minecraft:sugar":2,"born_in_chaos_v1:death_totem":1,"undead_revamp2:blacpetalblock":4,"minecraft:dark_oak_planks":218,"minecraft:music_disc_stal":1,"minecraft:white_wool":6,"minecraft:bone":125,"minecraft:stone_axe":5,"minecraft:emerald_block":92,"minecraft:ancient_debris":1,"minecraft:lever":4,"minecraft:iron_nugget":6,"minecraft:polished_andesite_slab":7,"minecraft:cobbled_deepslate":743,"minecraft:wheat":88,"smile:computer":1,"undead_revamp2:arapholia":2,"minecraft:rotten_flesh":289,"born_in_chaos_v1:smoked_flesh":5,"minecraft:oak_planks":123,"minecraft:blaze_powder":2,"minecraft:nether_brick_fence":5,"deep_dark_regrowth:sculk_remnants":3,"biomesoplenty:glowing_moss_carpet":2,"minecraft:echo_shard":1,"minecraft:deepslate_tiles":25,"minecraft:heavy_weighted_pressure_plate":2,"minecraft:charcoal":67,"minecraft:jungle_log":5,"minecraft:leather_boots":3,"minecraft:ladder":1,"minecraft:leather_leggings":2,"minecraft:painting":2,"minecraft:white_dye":51,"deep_dark_regrowth:plasma_chunk":2,"deep_dark_regrowth:mossy_fluorite":102,"minecraft:stone_brick_stairs":10,"biomesoplenty:tall_lavender":2,"minecraft:lectern":29,"minecraft:egg":4,"minecraft:enchanted_book":16,"born_in_chaos_v1:intoxicating_decoction":3,"born_in_chaos_v1:shattered_skull":3,"minecraft:wheat_seeds":49,"minecraft:deepslate_redstone_ore":2,"minecraft:tnt":1,"minecraft:dripstone_block":7,"minecraft:oak_fence":256,"minecraft:iron_helmet":1,"minecraft:feather":7,"minecraft:cobblestone":3208,"minecraft:book":13,"minecraft:granite":623,"minecraft:disc_fragment_5":2,"deep_dark_regrowth:pulse_flower_petal":2,"minecraft:dark_oak_leaves":75,"minecraft:gray_wool":4,"born_in_chaos_v1:black_argillite":1,"minecraft:lapis_ore":2,"minecraft:diamond_helmet":1,"minecraft:potion":4,"minecraft:white_banner":8,"minecraft:smooth_stone":51,"minecraft:chainmail_leggings":1,"minecraft:string":45,"minecraft:gray_carpet":3,"deep_dark_regrowth:apatine_seeds":20,"deep_dark_regrowth:apatine":16,"minecraft:furnace":1,"minecraft:player_head":2,"minecraft:stone_sword":3,"minecraft:dark_oak_sign":1,"minecraft:smooth_stone_slab":3,"minecraft:bowl":6,"minecraft:experience_bottle":4,"minecraft:stone_shovel":2,"sophisticatedbackpacks:backpack":1,"minecraft:stone_slab":3,"cctvcraft:metal_wire":3,"minecraft:nether_bricks":46,"deep_dark_regrowth:plasmatic_sculk":2,"minecraft:suspicious_stew":5,"minecraft:diamond_sword":2,"minecraft:potato":65,"minecraft:hay_block":1,"minecraft:stone":1050,"undead_revamp2:heavytooth":1,"minecraft:allium":1,"minecraft:diamond_pickaxe":5,"biomesoplenty:rose_quartz_cluster":1,"minecraft:spider_eye":6,"minecraft:stone_bricks":85,"sophisticatedbackpacks:copper_backpack":4,"minecraft:bow":5,"minecraft:bell":55,"minecraft:magma_block":18,"minecraft:black_wool":1,"dixtas_armory:stone_battle_axe":4,"minecraft:nether_brick_stairs":3,"minecraft:soul_sand":21,"cctvcraft:raw_aluminum":94,"minecraft:diamond_axe":7,"minecraft:oak_log":66,"mcwdoors:oak_japanese_door":2,"minecraft:nether_star":1,"undead_revamp2:luckysack":2,"minecraft:leather":19,"minecraft:red_wool":2,"biomesoplenty:hellbark_log":3,"minecraft:music_disc_13":3,"minecraft:flint":13,"minecraft:deepslate_tile_stairs":4,"minecraft:cracked_polished_blackstone_bricks":2,"minecraft:redstone_lamp":1,"minecraft:dark_oak_log":9,"minecraft:cornflower":2,"minecraft:mutton":3,"minecraft:amethyst_shard":4,"minecraft:polished_blackstone_bricks":46,"minecraft:birch_log":2,"minecraft:gold_ingot":17,"dixtas_armory:diamond_glaive":1,"minecraft:gravel":177,"biomesoplenty:large_rose_quartz_bud":1,"minecraft:blackstone":64,"biomesoplenty:bramble":1,"minecraft:andesite_slab":6,"minecraft:pointed_dripstone":4,"born_in_chaos_v1:ethereal_spirit":9,"minecraft:diamond_shovel":4,"minecraft:carrot":3,"sophisticatedbackpacks:diamond_backpack":2,"cctvcraft:metal_plate":1,"mcwdoors:warped_japanese2_door":2,"minecraft:poppy":6,"minecraft:rabbit_hide":1,"deep_dark_regrowth:sculk_soil":4,"minecraft:mangrove_log":1,"minecraft:gunpowder":48,"born_in_chaos_v1:chipped_black_argillite_brick":1,"minecraft:oak_wood":1,"minecraft:skeleton_skull":7,"undead_revamp2:bostroxset_helmet":1,"born_in_chaos_v1:diamond_termite_shard":14,"minecraft:basalt":2,"minecraft:arrow":101,"minecraft:quartz":94,"undead_revamp2:rawbostrox":3,"minecraft:netherrack":563,"born_in_chaos_v1:dark_rod":4,"minecraft:bread":9,"deep_dark_regrowth:large_infected_mushroom":2,"born_in_chaos_v1:wood_splitter_axe":4,"minecraft:oak_slab":2,"minecraft:lilac":2,"minecraft:mossy_cobblestone":10,"minecraft:smithing_table":12,"minecraft:bookshelf":3,"minecraft:diamond_leggings":5,"minecraft:poisonous_potato":1,"minecraft:lead":1,"born_in_chaos_v1:orbofthe_summoner":1,"minecraft:sculk_vein":1,"minecraft:amethyst_block":4,"minecraft:copper_ingot":5,"deep_dark_regrowth:short_infected_mushroom":1,"minecraft:chiseled_bookshelf":61,"minecraft:acacia_log":4,"minecraft:stick":50,"minecraft:diorite":779,"minecraft:sculk_catalyst":1,"minecraft:torch":17,"born_in_chaos_v1:fused_bone":6,"born_in_chaos_v1:stimulating_decoction":1,"minecraft:iron_leggings":1,"minecraft:wither_rose":11,"minecraft:iron_axe":6,"sophisticatedbackpacks:jukebox_upgrade":1,"minecraft:bucket":1,"minecraft:polished_deepslate":2,"minecraft:dandelion":1,"born_in_chaos_v1:smoldering_scorched_log":5,"minecraft:smooth_basalt":16,"minecraft:redstone":17,"minecraft:oak_trapdoor":7,"mcwdoors:metal_reinforced_door":4,"dixtas_armory:pole":2,"minecraft:raw_copper":97,"minecraft:tuff":75,"minecraft:raw_iron":2,"born_in_chaos_v1:smoked_monster_flesh":7,"mcwdoors:oak_western_door":18,"minecraft:wither_skeleton_skull":1,"minecraft:stripped_oak_log":1,"born_in_chaos_v1:spiritual_dust":7,"deep_dark_regrowth:soul_key":1,"minecraft:totem_of_undying":9,"minecraft:glass_pane":2,"dixtas_armory:diamond_battle_axe":6,"minecraft:deepslate_bricks":12,"cctvcraft:hand_saw":1,"minecraft:oak_button":8,"minecraft:diamond_chestplate":6,"minecraft:andesite":914,"minecraft:mossy_stone_bricks":5,"minecraft:oak_boat":1,"minecraft:golden_sword":5,"minecraft:diamond_boots":2,"minecraft:slime_ball":4,"sophisticatedbackpacks:compacting_upgrade":1,"minecraft:stone_pickaxe":5,"minecraft:wooden_pickaxe":1,"minecraft:raw_gold":7,"minecraft:nether_quartz_ore":1,"minecraft:cracked_deepslate_bricks":7,"minecraft:calcite":6},"minecraft:killed_by":{"born_in_chaos_v1:nightmare_stalker":10,"minecraft:pillager":2,"minecraft:ravager":1,"minecraft:vindicator":3,"minecraft:zombie":3,"minecraft:vex":1,"minecraft:warden":5,"born_in_chaos_v1:decrepit_skeleton":1,"cave_dweller:cave_dweller":2,"minecraft:evoker":1,"born_in_chaos_v1:zombie_bruiser":1,"born_in_chaos_v1:corpse_fly":1,"man:managgresive":2,"minecraft:cave_spider":1,"minecraft:player":32,"apollyon:the_damned":12,"minecraft:skeleton":2},"minecraft:picked_up":{"minecraft:iron_chestplate":1,"minecraft:suspicious_stew":12,"minecraft:lead":3,"minecraft:smithing_table":35,"minecraft:stone_slab":6,"minecraft:diamond_sword":2,"minecraft:wither_rose":12,"minecraft:enchanted_book":17,"cctvcraft:hand_saw":1,"minecraft:golden_sword":5,"minecraft:amethyst_block":4,"minecraft:polished_deepslate":2,"minecraft:string":153,"biomesoplenty:large_rose_quartz_bud":1,"minecraft:beetroot":16,"minecraft:diamond_leggings":14,"minecraft:gold_nugget":10,"minecraft:cobbled_deepslate":869,"dixtas_armory:diamond_glaive":1,"minecraft:coal_block":3,"minecraft:mangrove_log":1,"cctvcraft:wooden_board":2,"born_in_chaos_v1:shattered_skull":4,"minecraft:acacia_log":6,"minecraft:cherry_log":1,"minecraft:deepslate_tile_stairs":5,"minecraft:stone_sword":10,"born_in_chaos_v1:fried_maggot":5,"minecraft:glowstone":161,"minecraft:blaze_rod":5,"minecraft:birch_log":19,"minecraft:magma_block":20,"minecraft:feather":14,"minecraft:iron_door":1,"born_in_chaos_v1:spiritual_dust":10,"minecraft:water_bucket":4,"minecraft:jungle_log":10,"minecraft:smoker":33,"minecraft:flint":14,"minecraft:disc_fragment_5":2,"undead_revamp2:blacpetalblock":10,"mcwdoors:oak_western_door":40,"minecraft:dark_oak_sign":3,"minecraft:diamond_helmet":6,"minecraft:glowstone_dust":20,"deep_dark_regrowth:sculk_remnants":3,"sophisticatedbackpacks:iron_backpack":7,"minecraft:dark_oak_log":114,"undead_revamp2:heavytooth":1,"biomesoplenty:hellbark_log":3,"graveyard:oak_coffin":1,"minecraft:dispenser":43,"dixtas_armory:pole":1,"minecraft:deepslate":1,"minecraft:lever":3,"minecraft:granite":1073,"minecraft:bread":409,"minecraft:diamond_pickaxe":15,"sophisticatedbackpacks:gold_backpack":1,"minecraft:crafting_table":11,"minecraft:coarse_dirt":3,"minecraft:nether_wart":28,"born_in_chaos_v1:seedof_chaos":8,"minecraft:leather_leggings":10,"minecraft:redstone_lamp":1,"minecraft:heavy_weighted_pressure_plate":6,"born_in_chaos_v1:intoxicating_decoction":11,"minecraft:glass_pane":2,"minecraft:cracked_stone_bricks":6,"minecraft:beef":48,"born_in_chaos_v1:gnawed_bones":2,"minecraft:poppy":2,"minecraft:chest":33,"minecraft:birch_sapling":1,"dixtas_armory:stone_battle_axe":20,"minecraft:diamond_hoe":1,"minecraft:egg":13,"minecraft:stone":19,"minecraft:oak_door":2,"sophisticatedbackpacks:auto_smoking_upgrade":1,"sophisticatedbackpacks:backpack":2,"minecraft:white_dye":52,"born_in_chaos_v1:pieceofdarkmetal":18,"minecraft:carrot":634,"cctvcraft:metal_plate":2,"minecraft:redstone":9,"minecraft:tnt":3,"minecraft:stone_shovel":2,"minecraft:diamond_chestplate":18,"minecraft:beetroot_seeds":93,"born_in_chaos_v1:wood_splitter_axe":6,"minecraft:deepslate_bricks":12,"minecraft:diamond_boots":15,"minecraft:hay_block":33,"minecraft:cracked_deepslate_bricks":7,"minecraft:totem_of_undying":49,"sophisticatedbackpacks:copper_backpack":4,"minecraft:glow_berries":1,"minecraft:mutton":55,"minecraft:white_wool":77,"minecraft:stripped_oak_log":3,"born_in_chaos_v1:monster_flesh":18,"minecraft:chiseled_bookshelf":220,"minecraft:oak_log":552,"minecraft:ancient_debris":1,"minecraft:sculk_vein":1,"minecraft:white_banner":8,"biomesoplenty:glowing_moss_carpet":2,"minecraft:apple":250,"minecraft:stone_bricks":165,"minecraft:stone_pickaxe":29,"minecraft:glass_bottle":3,"minecraft:iron_sword":1,"cctvcraft:raw_aluminum":200,"deep_dark_regrowth:plasma_chunk":2,"minecraft:smooth_basalt":16,"born_in_chaos_v1:ethereal_spirit":23,"minecraft:sculk":5,"mcwdoors:metal_reinforced_door":4,"minecraft:red_wool":20,"born_in_chaos_v1:orbofthe_summoner":2,"minecraft:gravel":173,"minecraft:leather_helmet":8,"undead_revamp2:bostroxset_helmet":1,"minecraft:diamond_shovel":15,"minecraft:slime_ball":4,"born_in_chaos_v1:black_argillite_brick_slab":1,"minecraft:stone_axe":32,"undead_revamp2:beespheromones":1,"minecraft:rib_armor_trim_smithing_template":1,"minecraft:diamond_axe":20,"minecraft:painting":4,"minecraft:gray_wool":9,"minecraft:oak_button":1,"minecraft:ender_pearl":5,"minecraft:wheat":104,"minecraft:black_carpet":29,"minecraft:nether_brick_fence":5,"minecraft:potion":5,"minecraft:stone_brick_stairs":10,"biomesoplenty:rose_quartz_cluster":1,"born_in_chaos_v1:black_argillite":22,"minecraft:raw_copper":128,"minecraft:smooth_stone_slab":198,"minecraft:experience_bottle":8,"minecraft:oak_sign":1,"minecraft:deepslate_tiles":24,"minecraft:smooth_stone":998,"minecraft:bucket":3,"minecraft:dark_oak_leaves":75,"minecraft:redstone_torch":9,"minecraft:calcite":6,"born_in_chaos_v1:stimulating_decoction":4,"born_in_chaos_v1:smoldering_scorched_log":5,"minecraft:furnace":195,"minecraft:stick":482,"minecraft:oak_fence":127,"minecraft:torch":569,"minecraft:porkchop":13,"minecraft:pointed_dripstone":4,"minecraft:diorite":932,"born_in_chaos_v1:nightmare_claw":1,"minecraft:rotten_flesh":410,"minecraft:obsidian":1,"undead_revamp2:arapholia":7,"minecraft:cobblestone":5362,"minecraft:lilac":2,"minecraft:repeater":25,"minecraft:andesite":766,"minecraft:potato":340,"minecraft:tuff":85,"deep_dark_regrowth:mossy_fluorite":137,"minecraft:wither_skeleton_skull":3,"deep_dark_regrowth:apatine_seeds":19,"minecraft:lapis_lazuli":30,"minecraft:dirt":1845,"born_in_chaos_v1:monster_skin":18,"minecraft:leather_boots":4,"minecraft:glass":4,"minecraft:bone":222,"minecraft:bow":8,"minecraft:wheat_seeds":132,"minecraft:raw_gold":21,"minecraft:bell":55,"minecraft:mossy_stone_bricks":14,"minecraft:oak_planks":6826,"minecraft:cooked_porkchop":8,"minecraft:music_disc_13":4,"cctvcraft:antenna":2,"minecraft:poisonous_potato":1,"minecraft:sand":114,"minecraft:nether_brick_stairs":3,"minecraft:grass_block":2,"minecraft:mossy_cobblestone":14,"sophisticatedbackpacks:advanced_pickup_upgrade":1,"minecraft:sugar":2,"born_in_chaos_v1:fire_dust":3,"minecraft:diamond":9,"minecraft:cracked_polished_blackstone_bricks":40,"minecraft:crossbow":4,"minecraft:golden_apple":116,"minecraft:oak_sapling":9,"minecraft:netherrack":1555,"minecraft:andesite_slab":2,"minecraft:nether_star":1,"minecraft:charcoal":588,"born_in_chaos_v1:diamond_termite_shard":20,"minecraft:chicken":1,"minecraft:ladder":4,"minecraft:wooden_pickaxe":3,"minecraft:gold_block":7,"minecraft:chain":3,"minecraft:shield":7,"minecraft:iron_axe":5,"mcwdoors:oak_japanese_door":9,"minecraft:blackstone":175,"graveyard:corruption":1,"minecraft:candle":8,"minecraft:echo_shard":1,"deep_dark_regrowth:sculk_soil":7,"deep_dark_regrowth:plasmatic_sculk":3,"minecraft:lectern":67,"minecraft:sugar_cane":82,"minecraft:phantom_membrane":14,"deep_dark_regrowth:soul_of_the_depths":1,"minecraft:dark_oak_sapling":9,"minecraft:raw_iron":15,"minecraft:copper_ingot":2,"minecraft:bowl":1,"minecraft:polished_blackstone_bricks":110,"dixtas_armory:diamond_battle_axe":19,"minecraft:cookie":769,"mcwdoors:warped_japanese2_door":1,"minecraft:dark_oak_planks":27,"minecraft:arrow":139,"deep_dark_regrowth:large_infected_mushroom":3,"minecraft:pumpkin_pie":3,"minecraft:nether_bricks":59,"minecraft:saddle":2,"born_in_chaos_v1:trident_hayfork":2,"born_in_chaos_v1:fused_bone":6,"minecraft:cracked_deepslate_tiles":17,"born_in_chaos_v1:corpse_maggot":14,"minecraft:air":0,"minecraft:basalt":2,"minecraft:golden_carrot":150,"minecraft:glow_ink_sac":56,"minecraft:leather":43,"minecraft:music_disc_stal":1,"minecraft:birch_planks":118,"minecraft:yellow_bed":7,"minecraft:gunpowder":93,"minecraft:cobblestone_stairs":12,"minecraft:red_carpet":264,"minecraft:gray_carpet":1,"deep_dark_regrowth:pulse_flower_petal":8,"minecraft:iron_ingot":20,"born_in_chaos_v1:chipped_black_argillite_brick":1,"minecraft:polished_andesite_slab":4,"minecraft:soul_sand":21,"sophisticatedbackpacks:diamond_backpack":16,"cctvcraft:metal_wire":3,"minecraft:book":35,"minecraft:sculk_catalyst":1,"minecraft:oak_slab":153,"minecraft:nether_quartz_ore":1,"minecraft:black_candle":3,"minecraft:emerald_block":94,"born_in_chaos_v1:death_totem":3,"deep_dark_regrowth:soul_key":2,"deep_dark_regrowth:apatine":26,"minecraft:quartz":106,"minecraft:dandelion":1,"minecraft:dripstone_block":7,"minecraft:lava_bucket":2,"born_in_chaos_v1:dark_rod":6,"minecraft:amethyst_shard":4,"minecraft:white_bed":8,"cctvcraft:aluminum_ingot":3,"minecraft:spider_eye":7,"undead_revamp2:rawbostrox":3,"biomesoplenty:bramble":1,"undead_revamp2:luckysack":1,"minecraft:chainmail_leggings":1,"minecraft:iron_helmet":3,"minecraft:damaged_anvil":2,"minecraft:black_wool":20,"minecraft:coal":9},"minecraft:mined":{"minecraft:dark_oak_planks":13,"minecraft:white_bed":5,"deep_dark_regrowth:fluorescent_moss":5,"minecraft:obsidian":4,"cctvcraft:aluminum_ore":25,"minecraft:granite":213,"deep_dark_regrowth:sculk_tendril":1,"minecraft:deepslate_bricks":11,"minecraft:deepslate_tile_stairs":1,"minecraft:oak_wall_sign":1,"minecraft:nether_wart":20,"minecraft:spawner":1,"minecraft:polished_blackstone_bricks":12,"minecraft:tall_seagrass":1,"minecraft:magma_block":48,"minecraft:cobbled_deepslate":6,"deep_dark_regrowth:sculk_biter_on":2,"minecraft:fire":31,"mcwdoors:warped_japanese2_door":1,"deep_dark_regrowth:fernus":3,"graveyard:ossuary":2,"minecraft:deepslate_lapis_ore":3,"minecraft:fletching_table":6,"biomesoplenty:hellbark_log":3,"minecraft:nether_brick_stairs":3,"minecraft:sculk_shrieker":5,"minecraft:dirt_path":64,"biomesoplenty:webbing":31,"minecraft:pink_tulip":1,"deep_dark_regrowth:sculk_biter":5,"biomesoplenty:glowworm_silk":1,"minecraft:soul_fire":23,"mcwdoors:oak_western_door":20,"minecraft:torch":34,"born_in_chaos_v1:infected_deepslate_diamond_ore":4,"minecraft:blast_furnace":3,"minecraft:sugar_cane":32,"minecraft:damaged_anvil":2,"minecraft:amethyst_block":4,"minecraft:white_terracotta":1,"minecraft:repeater":10,"graveyard:oak_coffin":1,"minecraft:wheat":11,"antlers:bloody_pig":1,"minecraft:stone_brick_stairs":11,"minecraft:wither_rose":1,"minecraft:grass":75,"deep_dark_regrowth:large_fernus":13,"minecraft:smooth_basalt":16,"minecraft:stonecutter":1,"minecraft:deepslate":1301,"minecraft:deepslate_tiles":1,"minecraft:mossy_cobblestone":14,"minecraft:dark_oak_log":57,"minecraft:sea_lantern":2,"deep_dark_regrowth:sculk_sprouts":17,"minecraft:nether_bricks":37,"born_in_chaos_v1:black_argillite":14,"minecraft:redstone_wire":15,"minecraft:moss_block":1,"deep_dark_regrowth:pulse_flower_activated":1,"minecraft:andesite":521,"deep_dark_regrowth:sculk_moss_3":1,"minecraft:mossy_stone_brick_stairs":1,"minecraft:potatoes":27,"biomesoplenty:barley":120,"minecraft:white_wool":2,"deep_dark_regrowth:pulse_flower":3,"minecraft:smithing_table":8,"minecraft:oak_slab":111,"minecraft:glass_pane":5,"minecraft:soul_sand":23,"minecraft:dandelion":1,"deep_dark_regrowth:infected_mushroom":6,"minecraft:cornflower":1,"undead_revamp2:blacpetalblock":1,"minecraft:copper_ore":27,"minecraft:tall_grass":3,"endofherobrine:glowing_obsidian":1,"minecraft:deepslate_gold_ore":5,"endofherobrine:mossy_stone_bricks":2,"minecraft:cracked_deepslate_bricks":5,"minecraft:diorite":408,"deep_dark_regrowth:sculk_moss":6,"minecraft:coarse_dirt":3,"deep_dark_regrowth:sculk_exhaler":3,"minecraft:dark_oak_wall_sign":1,"minecraft:birch_leaves":15,"deep_dark_regrowth:apatine_plant":16,"minecraft:gravel":79,"minecraft:dripstone_block":7,"biomesoplenty:stringy_cobweb":3,"minecraft:cobweb":32,"minecraft:oak_button":2,"minecraft:stone_bricks":356,"minecraft:chipped_anvil":2,"mcwdoors:oak_japanese_door":4,"undead_revamp2:arapholia":1,"minecraft:sculk_vein":157,"minecraft:cobblestone_stairs":3,"minecraft:budding_amethyst":2,"minecraft:grass_block":421,"minecraft:cracked_polished_blackstone_bricks":5,"minecraft:soul_soil":1,"biomesoplenty:bramble_leaves":1,"minecraft:smooth_stone":41,"deep_dark_regrowth:vilethorn":12,"minecraft:sculk_catalyst":6,"minecraft:glowstone":3,"minecraft:iron_ore":72,"born_in_chaos_v1:black_argillite_brick_slab":1,"minecraft:black_carpet":9,"biomesoplenty:hanging_cobweb":1,"minecraft:iron_bars":4,"minecraft:black_candle":1,"minecraft:deepslate_redstone_ore":41,"minecraft:blackstone":35,"deep_dark_regrowth:sculk_ribs":1,"minecraft:calcite":6,"minecraft:poppy":1,"minecraft:chest":24,"minecraft:nether_quartz_ore":146,"minecraft:cobblestone":194,"deep_dark_regrowth:overloaded_sculk":5,"minecraft:oak_planks":1056,"graveyard:lying_skeleton":1,"minecraft:iron_door":1,"minecraft:wall_torch":150,"deep_dark_regrowth:sculk_moss_2":1,"minecraft:seagrass":1,"minecraft:birch_log":14,"minecraft:tnt":3,"minecraft:smooth_stone_slab":58,"minecraft:oak_log":190,"minecraft:beetroots":19,"deep_dark_regrowth:large_infected_mushroom":7,"minecraft:sand":77,"minecraft:dirt":464,"minecraft:wither_skeleton_skull":3,"minecraft:dispenser":5,"minecraft:netherrack":1494,"minecraft:oak_leaves":65,"minecraft:emerald_block":2,"minecraft:tuff":121,"minecraft:red_carpet":33,"deep_dark_regrowth:short_infected_mushroom":1,"deep_dark_regrowth:sculk_soil":15,"minecraft:dark_oak_leaves":5,"minecraft:deepslate_diamond_ore":17,"minecraft:candle":3,"minecraft:oak_door":2,"born_in_chaos_v1:infected_diamond_ore":3,"minecraft:chiseled_bookshelf":23,"biomesoplenty:bush":43,"minecraft:polished_andesite_slab":7,"minecraft:large_fern":1,"minecraft:dead_brain_coral":1,"minecraft:heavy_weighted_pressure_plate":5,"minecraft:furnace":88,"minecraft:carrots":21,"deep_dark_regrowth:sculk_moss_4":4,"minecraft:gold_block":2,"minecraft:peony":1,"minecraft:nether_brick_fence":6,"minecraft:bookshelf":3,"minecraft:deepslate_iron_ore":7,"minecraft:stripped_oak_log":1,"deep_dark_regrowth:long_sculk_tendril":2,"biomesoplenty:spider_egg":1,"minecraft:stone":3220,"minecraft:oak_fence":16,"minecraft:crafting_table":7,"minecraft:oak_wood":1,"minecraft:andesite_slab":6,"minecraft:sculk_sensor":101,"deep_dark_regrowth:sculk_tendril_active":1,"minecraft:lectern":69,"minecraft:stone_slab":4,"mcwdoors:metal_windowed_door":1,"biomesoplenty:sprout":1,"minecraft:lapis_ore":4,"minecraft:sculk":1809,"minecraft:birch_planks":4,"minecraft:gray_wool":6,"antlers:sheep_corpse":5,"minecraft:redstone_torch":9,"minecraft:yellow_bed":34,"minecraft:coal_ore":50,"minecraft:gray_carpet":3,"minecraft:cracked_stone_bricks":7,"minecraft:mossy_stone_bricks":21},"minecraft:killed":{"minecraft:cave_spider":8,"born_in_chaos_v1:restless_spirit":5,"born_in_chaos_v1:zombie_lumberjack":6,"born_in_chaos_v1:skeleton_demoman":4,"born_in_chaos_v1:siamese_skeletonsright":3,"born_in_chaos_v1:baby_skeleton_minion":9,"undead_revamp2:theswarmer":1,"minecraft:skeleton":32,"deep_dark_regrowth:sculk_parasite":7,"minecraft:chicken":1,"born_in_chaos_v1:skeleton_thrasher":2,"undead_revamp2:thespitter":3,"minecraft:cat":3,"man:managgresive":1,"born_in_chaos_v1:bone_imp":7,"bwrtherain:spider_skull":20,"arphex:centipede_evictor_larvae":1,"minecraft:pillager":11,"minecraft:zombie":68,"born_in_chaos_v1:corpse_fly":18,"born_in_chaos_v1:door_knight":5,"minecraft:cow":13,"minecraft:evoker":3,"graveyard:nightmare":1,"minecraft:vindicator":7,"born_in_chaos_v1:firelight":1,"minecraft:horse":1,"deep_dark_regrowth:annihilator":2,"arphex:hornet_harbinger":1,"minecraft:warden":1,"graveyard:ghoul":1,"undead_revamp2:the_moonflower":8,"minecraft:wandering_trader":2,"born_in_chaos_v1:decrepit_skeleton":16,"born_in_chaos_v1:bloody_gadfly":1,"undead_revamp2:thesomnolence":10,"born_in_chaos_v1:dark_vortex":5,"minecraft:enderman":8,"born_in_chaos_v1:zombie_clown":2,"endofherobrine:silverfish":5,"minecraft:witch":1,"minecraft:zombified_piglin":12,"graveyard:skeleton_creeper":1,"minecraft:spider":27,"undead_revamp2:thesmoker":9,"born_in_chaos_v1:scarlet_persecutor":4,"undead_revamp2:therod":3,"minecraft:piglin_brute":1,"minecraft:piglin":16,"born_in_chaos_v1:bonescaller":5,"minecraft:pig":3,"born_in_chaos_v1:diamond_termite":11,"minecraft:zombie_villager":2,"minecraft:creeper":22,"minecraft:sheep":30,"born_in_chaos_v1:dread_hound":4,"minecraft:ghast":1,"undead_revamp2:theskeeper":1,"cave_dweller:cave_dweller":9,"apollyon:the_damned":6,"born_in_chaos_v1:siamese_skeletonsleft":3,"minecraft:blaze":5,"minecraft:vex":3,"undead_revamp2:thegliter":5,"born_in_chaos_v1:zombie_bruiser":8,"born_in_chaos_v1:maggot":26,"minecraft:phantom":16,"undead_revamp2:coppertar":1,"born_in_chaos_v1:corpse_fish":1,"undead_revamp2:thehorrors":1,"born_in_chaos_v1:siamese_skeletons":1,"born_in_chaos_v1:fallen_chaos_knight":3,"born_in_chaos_v1:baby_skeleton":11,"born_in_chaos_v1:swarmer":1,"minecraft:bat":1,"born_in_chaos_v1:decaying_zombie":2,"born_in_chaos_v1:nightmare_stalker":2,"endofherobrine:sheep":17,"minecraft:wither_skeleton":12},"minecraft:broken":{"minecraft:diamond_helmet":1,"minecraft:iron_boots":1,"minecraft:iron_chestplate":1,"minecraft:iron_leggings":1,"minecraft:leather_helmet":1,"minecraft:iron_pickaxe":1,"minecraft:iron_helmet":1,"minecraft:stone_pickaxe":3},"minecraft:used":{"minecraft:beetroot":8,"minecraft:dispenser":57,"minecraft:ladder":8,"minecraft:black_carpet":45,"minecraft:chest":232,"minecraft:stone":3,"minecraft:rotten_flesh":4,"born_in_chaos_v1:smoked_flesh":13,"minecraft:lava_bucket":13,"minecraft:grass_block":2,"minecraft:furnace":154,"minecraft:egg":3,"minecraft:potato":335,"minecraft:damaged_anvil":2,"minecraft:diorite":102,"minecraft:mossy_stone_bricks":9,"minecraft:leather_leggings":3,"minecraft:wooden_pickaxe":33,"minecraft:cookie":16,"minecraft:golden_apple":37,"minecraft:glow_berries":42,"minecraft:dark_oak_trapdoor":2,"minecraft:blast_furnace":4,"born_in_chaos_v1:monster_flesh":1,"minecraft:lectern":70,"minecraft:diamond_sword":169,"minecraft:smithing_table":23,"minecraft:oak_trapdoor":14,"minecraft:stone_sword":52,"graveyard:oak_coffin":1,"born_in_chaos_v1:fried_maggot":45,"minecraft:netherrack":372,"minecraft:torch":332,"mcwdoors:warped_japanese2_door":1,"minecraft:chipped_anvil":2,"minecraft:iron_axe":113,"minecraft:jungle_log":1,"minecraft:totem_of_undying":30,"minecraft:diamond_chestplate":3,"minecraft:glowstone":198,"smile:computer":1,"minecraft:beef":2,"minecraft:cobbled_deepslate":22,"minecraft:wheat_seeds":35,"minecraft:water_bucket":345,"minecraft:chiseled_bookshelf":164,"minecraft:birch_planks":15,"minecraft:glow_ink_sac":1,"minecraft:fletching_table":5,"graveyard:ossuary":1,"minecraft:cracked_stone_bricks":6,"minecraft:mossy_cobblestone":4,"minecraft:tnt":3,"minecraft:oak_slab":385,"minecraft:crafting_table":9,"minecraft:white_bed":6,"minecraft:oak_log":899,"minecraft:diamond_shovel":1066,"minecraft:diamond_pickaxe":7788,"minecraft:iron_pickaxe":251,"minecraft:oak_button":5,"minecraft:suspicious_stew":7,"minecraft:leather_helmet":4,"minecraft:enchanted_book":3,"minecraft:cobblestone":555,"minecraft:potion":6,"minecraft:cooked_porkchop":3,"minecraft:black_candle":3,"minecraft:dandelion":1,"minecraft:candle":8,"minecraft:diamond_leggings":2,"minecraft:oak_sign":1,"born_in_chaos_v1:intoxicating_decoction":7,"minecraft:diamond_hoe":2171,"minecraft:shield":12,"dixtas_armory:diamond_battle_axe":1340,"minecraft:bell":1,"minecraft:iron_chestplate":3,"minecraft:mutton":3,"minecraft:nether_bricks":2,"minecraft:carrot":229,"minecraft:axolotl_bucket":1,"minecraft:obsidian":3,"minecraft:glass":4,"born_in_chaos_v1:corpse_maggot":2,"minecraft:iron_helmet":1,"born_in_chaos_v1:gnawed_bones":1,"minecraft:stone_bricks":1093,"minecraft:repeater":22,"minecraft:red_carpet":245,"mcwdoors:metal_windowed_door":2,"minecraft:hay_block":4,"minecraft:beetroot_seeds":15,"mcwdoors:oak_japanese_door":6,"minecraft:dark_oak_sapling":9,"minecraft:chiseled_polished_blackstone":1,"minecraft:diamond_boots":3,"minecraft:stone_pickaxe":751,"minecraft:dark_oak_sign":1,"minecraft:oak_planks":5053,"minecraft:ender_pearl":6,"minecraft:sugar_cane":33,"minecraft:diamond_axe":1554,"minecraft:white_wool":19,"minecraft:crossbow":5,"minecraft:redstone_torch":9,"man:cassetteplayer":2,"minecraft:string":1,"minecraft:heavy_weighted_pressure_plate":4,"minecraft:bread":205,"minecraft:dark_oak_log":3,"dixtas_armory:diamond_glaive":14,"minecraft:iron_door":1,"minecraft:gravel":7,"minecraft:grindstone":1,"minecraft:andesite":67,"minecraft:smooth_stone_slab":247,"minecraft:cobweb":16,"minecraft:coarse_dirt":3,"minecraft:experience_bottle":8,"minecraft:oak_fence":46,"minecraft:redstone":15,"undead_revamp2:blacpetalblock":2,"born_in_chaos_v1:black_argillite":5,"minecraft:sculk":40,"minecraft:stone_hoe":4,"minecraft:cooked_chicken":4,"minecraft:oak_door":2,"minecraft:dirt":626,"minecraft:diamond_helmet":2,"minecraft:granite":103,"minecraft:dark_oak_planks":255,"minecraft:bookshelf":3,"minecraft:iron_boots":2,"minecraft:golden_carrot":57,"minecraft:emerald_block":2,"minecraft:cooked_beef":2,"minecraft:iron_leggings":1,"born_in_chaos_v1:trident_hayfork":270,"minecraft:cooked_mutton":3,"minecraft:cobblestone_stairs":98,"minecraft:glass_bottle":6,"dixtas_armory:stone_battle_axe":24,"minecraft:white_dye":1,"minecraft:stonecutter":1,"born_in_chaos_v1:stimulating_decoction":3,"minecraft:smoker":6,"minecraft:wooden_hoe":52,"minecraft:apple":44,"minecraft:chicken":1,"minecraft:stone_slab":8,"mcwdoors:oak_western_door":22,"minecraft:stone_axe":108,"minecraft:bucket":368,"born_in_chaos_v1:wood_splitter_axe":1,"minecraft:pumpkin_pie":1,"minecraft:yellow_bed":35,"minecraft:wither_rose":2,"minecraft:smooth_stone":535,"minecraft:chainmail_leggings":1},"minecraft:custom":{"minecraft:interact_with_crafting_table":144,"minecraft:open_barrel":5,"minecraft:bell_ring":14,"minecraft:leave_game":18,"minecraft:time_since_death":356225,"minecraft:damage_blocked_by_shield":1050,"minecraft:play_time":1743022,"minecraft:deaths":90,"minecraft:jump":31352,"minecraft:enchant_item":11,"minecraft:interact_with_furnace":298,"minecraft:traded_with_villager":261,"minecraft:sleep_in_bed":12,"minecraft:damage_dealt":143191,"minecraft:inspect_dispenser":41,"minecraft:horse_one_cm":921,"minecraft:interact_with_smithing_table":2,"minecraft:interact_with_anvil":25,"minecraft:inspect_hopper":1,"minecraft:damage_dealt_absorbed":80,"minecraft:sneak_time":112436,"minecraft:interact_with_blast_furnace":3,"minecraft:total_world_time":1743022,"minecraft:interact_with_stonecutter":3,"minecraft:time_since_rest":356245,"minecraft:swim_one_cm":140364,"minecraft:fly_one_cm":6368608,"minecraft:open_chest":769,"minecraft:fall_one_cm":629157,"minecraft:animals_bred":6,"minecraft:damage_resisted":916,"minecraft:sprint_one_cm":3902339,"minecraft:drop":842,"minecraft:talked_to_villager":347,"minecraft:interact_with_brewingstand":2,"minecraft:walk_on_water_one_cm":210643,"minecraft:interact_with_beacon":5,"minecraft:player_kills":12,"minecraft:crouch_one_cm":381723,"minecraft:mob_kills":596,"minecraft:damage_dealt_resisted":11198,"minecraft:climb_one_cm":61261,"minecraft:walk_one_cm":5351117,"minecraft:raid_win":2,"minecraft:strider_one_cm":667,"minecraft:walk_under_water_one_cm":129545,"minecraft:raid_trigger":5,"minecraft:interact_with_grindstone":7,"minecraft:damage_taken":11783823,"minecraft:damage_absorbed":2268},"minecraft:crafted":{"minecraft:smooth_stone":1456,"born_in_chaos_v1:death_totem":1,"man:cassetteplayer":2,"minecraft:lever":2,"sophisticatedbackpacks:crafting_upgrade":1,"minecraft:bookshelf":7,"minecraft:cooked_mutton":2,"minecraft:glass":9,"minecraft:diamond_helmet":2,"minecraft:diamond_leggings":2,"sophisticatedbackpacks:copper_backpack":1,"sophisticatedbackpacks:tank_upgrade":1,"born_in_chaos_v1:transformative_flower":1,"minecraft:emerald":167,"minecraft:cooked_porkchop":1,"minecraft:diamond_axe":2,"minecraft:copper_ingot":24,"minecraft:lectern":25,"minecraft:wooden_hoe":1,"minecraft:stone_slab":6,"minecraft:iron_pickaxe":1,"minecraft:gold_ingot":62,"minecraft:golden_carrot":36,"minecraft:iron_nugget":18,"minecraft:ladder":9,"minecraft:stone_pickaxe":9,"minecraft:diamond_boots":2,"minecraft:dark_oak_planks":568,"minecraft:wheat":81,"minecraft:enchanted_book":17,"minecraft:golden_apple":2,"minecraft:iron_leggings":1,"minecraft:grindstone":1,"minecraft:oak_planks":3496,"minecraft:stone":1983,"minecraft:cobblestone_stairs":96,"dixtas_armory:diamond_battle_axe":1,"minecraft:bow":11,"minecraft:iron_boots":1,"minecraft:chest":202,"mcwdoors:metal_door":4,"minecraft:oak_button":5,"minecraft:stone_hoe":1,"minecraft:oak_fence":192,"minecraft:smoker":10,"minecraft:dropper":1,"minecraft:oak_slab":522,"dixtas_armory:diamond_glaive":1,"minecraft:crafting_table":6,"minecraft:wooden_pickaxe":3,"minecraft:iron_helmet":1,"minecraft:chiseled_polished_blackstone":16,"minecraft:birch_planks":52,"sophisticatedbackpacks:upgrade_base":3,"minecraft:dispenser":15,"minecraft:apple":44,"minecraft:dark_oak_slab":42,"minecraft:book":1,"minecraft:iron_chestplate":1,"minecraft:charcoal":50,"minecraft:diamond_pickaxe":1,"minecraft:shield":1,"sophisticatedbackpacks:diamond_backpack":2,"minecraft:stick":5584,"minecraft:iron_ingot":70,"minecraft:stone_sword":3,"minecraft:redstone_torch":1,"smile:computer":1,"minecraft:shears":1,"minecraft:cherry_planks":4,"dixtas_armory:pole":2,"minecraft:furnace":76,"minecraft:piston":4,"minecraft:dark_oak_trapdoor":6,"minecraft:oak_trapdoor":20,"minecraft:leather":28,"minecraft:iron_axe":2,"born_in_chaos_v1:fried_maggot":2,"minecraft:chiseled_bookshelf":5,"sophisticatedbackpacks:compacting_upgrade":1,"sophisticatedbackpacks:iron_backpack":1,"mcwdoors:metal_windowed_door":4,"minecraft:red_dye":1,"minecraft:bucket":1,"minecraft:stone_axe":4,"undead_revamp2:luckysack":1,"minecraft:air":0,"minecraft:bread":159,"minecraft:jungle_planks":4,"minecraft:white_dye":1,"minecraft:black_carpet":21,"minecraft:torch":20,"minecraft:diamond_chestplate":2}},"DataVersion":3465}